CustomerID,Recency,Frequency,Monetary,Target,CustomerLifespan,AvgOrderValue,PurchaseRate
12346,295,1,77183.6,0,295,77183.6,0.0033783783783783786
12347,9,6,4085.18,1,336,680.8633333333333,0.017804154302670624
12348,44,4,1797.24,0,327,449.31,0.012195121951219513
12350,279,1,334.40000000000003,0,279,334.40000000000003,0.0035714285714285713
12352,5,8,2506.04,0,266,313.255,0.0299625468164794
12353,173,1,89.0,0,173,89.0,0.005747126436781609
12354,201,1,1079.4,0,201,1079.4,0.0049504950495049506
12355,183,1,459.40000000000003,0,183,459.40000000000003,0.005434782608695652
12356,215,2,2753.08,1,295,1376.54,0.006756756756756757
12357,2,1,6207.67,0,2,6207.67,0.3333333333333333
12358,120,1,484.86,1,120,484.86,0.008264462809917356
12359,27,4,6372.58,0,301,1593.145,0.013245033112582781
12360,21,3,2662.06,0,170,887.3533333333334,0.017543859649122806
12361,256,1,189.9,0,256,189.9,0.0038910505836575876
12362,5,9,4697.1900000000005,1,265,521.9100000000001,0.03383458646616541
12363,79,2,552.0,0,211,276.0,0.009433962264150943
12364,9,3,1002.78,1,81,334.26,0.036585365853658534
12365,260,2,641.38,0,260,320.69,0.007662835249042145
12370,20,4,3545.69,0,329,886.4225,0.012121212121212121
12371,14,2,1887.96,0,29,943.98,0.06666666666666667
12372,41,3,1298.04,0,266,432.68,0.011235955056179775
12373,280,1,364.6,0,280,364.6,0.0035587188612099642
12375,67,1,230.3,1,67,230.3,0.014705882352941176
12377,284,2,1628.1200000000001,0,324,814.0600000000001,0.006153846153846154
12378,99,1,4008.62,0,99,4008.62,0.01
12379,51,2,852.24,0,139,426.12,0.014285714285714285
12380,26,3,1684.42,1,155,561.4733333333334,0.019230769230769232
12381,2,4,1698.3,1,89,424.575,0.044444444444444446
12383,154,5,1850.56,0,321,370.11199999999997,0.015527950310559006
12384,91,1,292.69,1,91,292.69,0.010869565217391304
12386,307,2,401.9,0,336,200.95,0.005934718100890208
12388,45,5,2494.26,1,296,498.85200000000003,0.016835016835016835
12390,49,1,549.84,0,49,549.84,0.02
12393,41,4,1582.6000000000001,0,302,395.65000000000003,0.013201320132013201
12394,33,2,1272.48,0,186,636.24,0.0106951871657754
12395,0,11,2752.8,1,340,250.25454545454548,0.03225806451612903
12397,5,2,2409.9,0,104,1204.95,0.01904761904761905
12398,15,1,1635.6599999999999,0,15,1635.6599999999999,0.0625
12399,88,4,1108.65,0,231,277.1625,0.017241379310344827
12401,272,1,84.3,0,272,84.3,0.003663003663003663
12402,292,1,225.60000000000002,0,292,225.60000000000002,0.0034129692832764505
12403,19,1,427.7,0,19,427.7,0.05
12405,118,1,1710.39,0,118,1710.39,0.008403361344537815
12406,153,1,1621.25,1,153,1621.25,0.006493506493506494
12407,19,5,1708.12,0,233,341.62399999999997,0.021367521367521368
12408,2,5,2888.55,0,229,577.71,0.021739130434782608
12409,48,3,11072.67,0,152,3690.89,0.0196078431372549
12410,278,2,693.33,0,278,346.665,0.007168458781362007
12412,44,3,1226.88,0,138,408.96000000000004,0.02158273381294964
12413,36,3,758.1,0,306,252.70000000000002,0.009771986970684038
12414,186,3,562.4100000000001,0,279,187.47000000000003,0.010714285714285714
12415,6,19,119559.13,1,307,6292.585789473685,0.06168831168831169
12417,8,8,3279.37,1,327,409.92125,0.024390243902439025
12418,82,1,668.58,0,82,668.58,0.012048192771084338
12420,33,1,600.39,0,33,600.39,0.029411764705882353
12421,84,3,628.5600000000001,1,288,209.52,0.010380622837370242
12422,65,3,803.5600000000001,0,294,267.85333333333335,0.010169491525423728
12423,70,7,1650.67,1,323,235.81,0.021604938271604937
12424,132,2,1760.96,0,132,880.48,0.015037593984962405
12425,47,1,777.2,0,47,777.2,0.020833333333333332
12426,164,1,582.73,0,164,582.73,0.006060606060606061
12427,29,2,586.08,1,341,293.04,0.005847953216374269
12428,89,8,7548.12,1,253,943.515,0.031496062992125984
12429,142,3,2844.88,1,335,948.2933333333334,0.008928571428571428
12430,12,1,256.4,0,12,256.4,0.07692307692307693
12431,5,15,6487.45,0,343,432.49666666666667,0.0436046511627907
12432,12,5,5059.32,0,141,1011.8639999999999,0.035211267605633804
12433,12,4,7893.89,1,342,1973.4725,0.011661807580174927
12434,54,2,806.14,0,229,403.07,0.008695652173913044
12435,49,2,7829.89,0,237,3914.945,0.008403361344537815
12436,69,1,509.01,0,69,509.01,0.014285714285714285
12437,5,15,4294.5,1,300,286.3,0.04983388704318937
12438,109,1,890.0699999999999,1,109,890.0699999999999,0.00909090909090909
12441,336,1,173.55,0,336,173.55,0.002967359050445104
12444,28,4,4068.82,1,140,1017.205,0.028368794326241134
12446,26,1,1002.3100000000001,0,26,1002.3100000000001,0.037037037037037035
12447,212,1,476.49,0,212,476.49,0.004694835680751174
12448,13,1,449.45,0,13,449.45,0.07142857142857142
12449,61,3,2724.58,1,156,908.1933333333333,0.01910828025477707
12450,125,2,197.88,0,142,98.94,0.013986013986013986
12451,34,3,7847.38,1,294,2615.7933333333335,0.010169491525423728
12453,103,1,707.09,0,103,707.09,0.009615384615384616
12454,25,1,3528.34,0,25,3528.34,0.038461538461538464
12455,42,6,2466.86,0,266,411.1433333333334,0.02247191011235955
12456,13,3,3181.04,0,224,1060.3466666666666,0.013333333333333334
12457,35,7,2363.23,0,208,337.6042857142857,0.03349282296650718
12458,40,2,947.4,0,254,473.7,0.00784313725490196
12461,63,2,826.88,0,124,413.44,0.016
12462,272,1,762.11,1,272,762.11,0.003663003663003663
12463,22,4,1344.78,0,211,336.195,0.018867924528301886
12464,75,6,780.55,1,278,130.09166666666667,0.021505376344086023
12465,138,1,440.94,1,138,440.94,0.007194244604316547
12468,157,2,729.54,0,285,364.77,0.006993006993006993
12471,6,24,14891.26,1,334,620.4691666666666,0.07164179104477612
12472,1,7,6572.11,0,338,938.8728571428571,0.02064896755162242
12473,23,3,2884.23,1,161,961.41,0.018518518518518517
12474,19,16,6197.06,1,299,387.31625,0.05333333333333334
12475,23,1,723.38,0,23,723.38,0.041666666666666664
12476,15,9,4822.43,1,330,535.8255555555556,0.027190332326283987
12477,25,5,11182.05,1,271,2236.41,0.01838235294117647
12480,112,3,2144.95,1,305,714.9833333333332,0.00980392156862745
12481,35,9,5409.52,1,335,601.0577777777778,0.026785714285714284
12483,10,7,2078.26,1,308,296.89428571428573,0.022653721682847898
12484,2,6,4541.72,0,305,756.9533333333334,0.0196078431372549
12488,9,2,767.45,1,45,383.725,0.043478260869565216
12489,305,1,334.93,0,305,334.93,0.0032679738562091504
12490,6,7,4186.03,1,299,598.0042857142856,0.023333333333333334
12491,8,1,460.40000000000003,0,8,460.40000000000003,0.1111111111111111
12492,32,2,263.21000000000004,0,74,131.60500000000002,0.02666666666666667
12493,135,2,433.74,0,166,216.87,0.011976047904191617
12494,9,6,1083.6000000000001,1,335,180.60000000000002,0.017857142857142856
12497,51,1,1043.1,0,51,1043.1,0.019230769230769232
12498,27,1,247.25000000000003,1,27,247.25000000000003,0.03571428571428571
12500,19,10,3640.7799999999997,1,303,364.078,0.03289473684210526
12501,306,1,2169.39,0,306,2169.39,0.003257328990228013
12502,65,5,3723.87,0,279,744.774,0.017857142857142856
12506,202,1,73.5,0,202,73.5,0.0049261083743842365
12507,103,3,1304.81,0,268,434.93666666666667,0.011152416356877323
12509,253,1,176.5,0,253,176.5,0.003937007874015748
12510,112,2,982.5699999999999,0,294,491.28499999999997,0.006779661016949152
12512,35,2,138.03,0,35,69.015,0.05555555555555555
12513,82,1,612.29,0,82,612.29,0.012048192771084338
12514,236,1,1017.6800000000001,0,236,1017.6800000000001,0.004219409282700422
12515,322,1,383.7,0,322,383.7,0.0030959752321981426
12516,47,2,1312.06,0,150,656.03,0.013245033112582781
12517,43,3,1955.9,1,159,651.9666666666667,0.01875
12518,28,3,1230.79,1,79,410.2633333333333,0.0375
12519,33,1,340.84000000000003,0,33,340.84000000000003,0.029411764705882353
12520,48,5,2634.26,0,243,526.8520000000001,0.020491803278688523
12521,112,1,599.68,0,112,599.68,0.008849557522123894
12522,8,2,192.72,0,20,96.36,0.09523809523809523
12523,13,10,1527.35,1,301,152.73499999999999,0.033112582781456956
12524,33,7,4177.92,1,303,596.8457142857143,0.023026315789473683
12526,23,2,1039.58,1,63,519.79,0.03125
12527,51,3,348.71000000000004,0,295,116.23666666666668,0.010135135135135136
12528,33,5,1561.8799999999999,1,282,312.376,0.0176678445229682
12530,29,4,1662.28,0,306,415.57,0.013029315960912053
12534,100,1,1089.18,0,100,1089.18,0.009900990099009901
12535,61,2,716.35,0,156,358.175,0.012738853503184714
12536,12,3,12601.830000000002,0,28,4200.610000000001,0.10344827586206896
12539,231,3,4517.69,1,303,1505.8966666666665,0.009868421052631578
12540,0,16,12511.97,1,331,781.998125,0.04819277108433735
12541,142,2,536.14,1,250,268.07,0.00796812749003984
12544,5,1,372.7,0,5,372.7,0.16666666666666666
12545,44,2,1000.39,0,229,500.195,0.008695652173913044
12546,16,2,1161.5,0,47,580.75,0.041666666666666664
12547,167,2,207.8,0,250,103.9,0.00796812749003984
12548,135,1,95.19999999999999,0,135,95.19999999999999,0.007352941176470588
12550,48,1,964.83,0,48,964.83,0.02040816326530612
12551,327,1,168.0,0,327,168.0,0.003048780487804878
12552,8,2,437.82,0,9,218.91,0.2
12553,27,8,2897.14,1,299,362.1425,0.02666666666666667
12556,19,2,603.71,0,120,301.855,0.01652892561983471
12557,127,4,9000.960000000001,1,341,2250.2400000000002,0.011695906432748537
12559,280,2,561.71,0,289,280.855,0.006896551724137931
12560,81,2,1436.31,1,112,718.155,0.017699115044247787
12561,272,1,238.85,0,272,238.85,0.003663003663003663
12562,25,5,2507.4700000000003,1,168,501.494,0.029585798816568046
12564,230,1,456.90000000000003,0,230,456.90000000000003,0.004329004329004329
12565,258,1,145.92000000000002,0,258,145.92000000000002,0.003861003861003861
12566,55,1,351.65,0,55,351.65,0.017857142857142856
12567,65,9,7849.9800000000005,1,339,872.22,0.026470588235294117
12569,5,22,2966.65,1,221,134.84772727272727,0.0990990990990991
12571,9,2,519.61,0,91,259.805,0.021739130434782608
12572,21,1,532.74,1,21,532.74,0.045454545454545456
12573,196,1,160.54000000000002,0,196,160.54000000000002,0.005076142131979695
12574,285,1,218.45000000000002,0,285,218.45000000000002,0.0034965034965034965
12576,5,5,1315.83,0,274,263.166,0.01818181818181818
12577,4,3,657.8,0,328,219.26666666666665,0.00911854103343465
12578,299,1,1608.66,1,299,1608.66,0.0033333333333333335
12579,47,1,440.42,0,47,440.42,0.020833333333333332
12580,216,1,415.7,0,216,415.7,0.004608294930875576
12581,9,1,197.71,0,9,197.71,0.1
12582,208,2,511.36,0,258,255.68,0.007722007722007722
12583,1,13,6188.89,1,343,476.0684615384616,0.0377906976744186
12584,9,7,1723.45,1,249,246.20714285714286,0.028
12585,203,2,2040.1,0,320,1020.05,0.006230529595015576
12588,8,1,214.89999999999998,0,8,214.89999999999998,0.1111111111111111
12589,114,1,131.5,1,114,131.5,0.008695652173913044
12590,180,2,9864.26,0,180,4932.13,0.011049723756906077
12591,286,1,452.84999999999997,0,286,452.84999999999997,0.003484320557491289
12592,61,2,437.6,0,182,218.8,0.01092896174863388
12593,78,3,418.1,0,188,139.36666666666667,0.015873015873015872
12594,7,10,3338.2200000000003,0,292,333.822,0.034129692832764506
12596,20,2,618.27,0,211,309.135,0.009433962264150943
12597,9,3,3605.26,1,237,1201.7533333333333,0.012605042016806723
12598,40,5,1946.14,1,254,389.228,0.0196078431372549
12599,96,6,857.04,1,273,142.84,0.021897810218978103
12600,53,9,2219.46,1,340,246.60666666666668,0.026392961876832845
12601,159,5,577.0600000000001,0,302,115.412,0.0165016501650165
12602,28,1,153.12,0,28,153.12,0.034482758620689655
12604,48,2,254.18,0,231,127.09,0.008620689655172414
12607,29,1,1579.51,0,29,1579.51,0.03333333333333333
12609,47,3,1126.85,0,287,375.6166666666666,0.010416666666666666
12610,13,4,1851.34,1,95,462.835,0.041666666666666664
12611,21,1,1193.32,0,21,1193.32,0.045454545454545456
12612,43,1,704.04,0,43,704.04,0.022727272727272728
12613,26,5,3344.38,0,231,668.876,0.021551724137931036
12614,247,1,315.6,0,247,315.6,0.004032258064516129
12615,6,3,1868.3400000000001,1,137,622.7800000000001,0.021739130434782608
12616,64,2,713.3,0,266,356.65,0.00749063670411985
12619,3,8,3242.54,1,222,405.3175,0.03587443946188341
12620,50,2,939.32,1,174,469.66,0.011428571428571429
12621,22,18,11891.19,1,335,660.6216666666667,0.05357142857142857
12622,201,1,180.1,0,201,180.1,0.0049504950495049506
12623,245,1,305.1,0,245,305.1,0.0040650406504065045
12624,75,2,641.13,0,147,320.565,0.013513513513513514
12625,181,2,2683.82,0,288,1341.91,0.006920415224913495
12626,12,8,6368.51,1,296,796.06375,0.026936026936026935
12627,33,6,3911.55,1,109,651.9250000000001,0.05454545454545454
12628,2,2,571.21,1,34,285.605,0.05714285714285714
12630,13,1,701.79,1,13,701.79,0.07142857142857142
12631,26,1,640.5,0,26,640.5,0.037037037037037035
12633,28,4,2163.98,0,257,540.995,0.015503875968992248
12635,59,2,1689.18,0,124,844.59,0.016
12637,36,8,6021.9,0,293,752.7375,0.027210884353741496
12638,2,1,671.69,0,2,671.69,0.3333333333333333
12639,208,1,486.1,0,208,486.1,0.004784688995215311
12640,51,1,764.59,1,51,764.59,0.019230769230769232
12641,84,1,185.9,0,84,185.9,0.011764705882352941
12642,20,2,658.41,1,77,329.205,0.02564102564102564
12643,97,6,3344.64,0,302,557.4399999999999,0.019801980198019802
12644,99,1,477.90999999999997,0,99,477.90999999999997,0.01
12645,3,4,1775.18,0,285,443.795,0.013986013986013986
12646,18,1,731.69,1,18,731.69,0.05263157894736842
12647,47,11,3401.67,1,338,309.2427272727273,0.032448377581120944
12648,124,1,318.05,0,124,318.05,0.008
12649,76,3,623.51,0,181,207.83666666666667,0.016483516483516484
12651,304,1,114.0,0,304,114.0,0.003278688524590164
12652,300,1,919.98,0,300,919.98,0.0033222591362126247
12653,118,2,2209.85,0,266,1104.925,0.00749063670411985
12654,6,4,508.98,1,264,127.245,0.01509433962264151
12656,42,4,3465.42,1,203,866.355,0.0196078431372549
12657,11,2,660.94,1,48,330.47,0.04081632653061224
12662,22,8,3175.28,1,342,396.91,0.023323615160349854
12664,5,7,3681.88,1,292,525.9828571428571,0.023890784982935155
12665,294,1,63.0,0,294,63.0,0.003389830508474576
12667,27,1,620.13,0,27,620.13,0.03571428571428571
12668,228,3,2924.4700000000003,1,325,974.8233333333334,0.009202453987730062
12669,120,3,2744.0299999999997,0,226,914.6766666666666,0.013215859030837005
12670,68,3,1634.47,1,202,544.8233333333334,0.014778325123152709
12672,299,1,225.9,0,299,225.9,0.0033333333333333335
12673,296,1,220.9,1,296,220.9,0.003367003367003367
12674,8,4,1970.6,0,177,492.65,0.02247191011235955
12676,40,5,1149.73,1,280,229.946,0.017793594306049824
12678,11,12,17628.46,0,323,1469.0383333333332,0.037037037037037035
12679,28,4,1113.02,0,253,278.255,0.015748031496062992
12680,42,3,613.36,1,82,204.45333333333335,0.03614457831325301
12681,0,19,11988.22,1,337,630.958947368421,0.05621301775147929
12682,7,25,10051.6,1,340,402.064,0.07331378299120235
12683,19,13,7679.09,1,335,590.6992307692308,0.03869047619047619
12684,33,5,1627.24,1,182,325.448,0.0273224043715847
12685,20,5,2449.96,1,63,489.992,0.078125
12686,341,1,89.14,0,341,89.14,0.0029239766081871343
12688,83,1,4873.81,0,83,4873.81,0.011904761904761904
12689,97,1,511.03000000000003,1,97,511.03000000000003,0.01020408163265306
12690,175,1,389.01,0,175,389.01,0.005681818181818182
12691,27,5,859.4,1,326,171.88,0.01529051987767584
12693,96,4,855.91,0,288,213.9775,0.01384083044982699
12694,39,2,869.67,0,152,434.835,0.013071895424836602
12695,35,3,497.0,1,179,165.66666666666666,0.016666666666666666
12697,100,2,733.91,1,138,366.955,0.014388489208633094
12700,35,3,3625.24,1,184,1208.4133333333332,0.016216216216216217
12701,49,2,797.71,0,211,398.855,0.009433962264150943
12703,40,1,283.55,0,40,283.55,0.024390243902439025
12704,5,5,1907.75,1,139,381.55,0.03571428571428571
12705,11,6,5973.59,1,326,995.5983333333334,0.01834862385321101
12707,261,1,603.42,0,261,603.42,0.003816793893129771
12708,2,9,2679.91,1,338,297.7677777777778,0.02654867256637168
12709,12,14,8857.42,1,336,632.6728571428572,0.04154302670623145
12710,66,3,1149.02,0,170,383.00666666666666,0.017543859649122806
12712,18,12,4163.4800000000005,1,340,346.9566666666667,0.03519061583577713
12714,76,4,3389.7,1,264,847.425,0.01509433962264151
12715,75,1,353.86,0,75,353.86,0.013157894736842105
12716,102,1,677.9,1,102,677.9,0.009708737864077669
12717,120,2,1030.98,0,215,515.49,0.009259259259259259
12718,40,1,238.25,0,40,238.25,0.024390243902439025
12719,34,1,283.6,1,34,283.6,0.02857142857142857
12720,9,21,4554.16,1,338,216.8647619047619,0.061946902654867256
12721,1,6,2656.13,0,324,442.68833333333333,0.018461538461538463
12722,54,4,997.63,0,120,249.4075,0.03305785123966942
12723,34,2,299.40999999999997,1,34,149.70499999999998,0.05714285714285714
12724,51,3,823.17,1,301,274.39,0.009933774834437087
12725,340,1,427.8,0,340,427.8,0.002932551319648094
12726,55,6,1824.6399999999999,1,326,304.1066666666666,0.01834862385321101
12727,64,6,3337.7,1,289,556.2833333333333,0.020689655172413793
12728,40,4,836.33,0,301,209.0825,0.013245033112582781
12729,83,1,453.01,0,83,453.01,0.011904761904761904
12731,20,11,17398.39,1,334,1581.671818181818,0.03283582089552239
12732,149,1,236.26000000000002,0,149,236.26000000000002,0.006666666666666667
12733,203,1,383.95,0,203,383.95,0.004901960784313725
12734,322,1,110.39999999999999,0,322,110.39999999999999,0.0030959752321981426
12735,284,2,779.5699999999999,0,306,389.78499999999997,0.006514657980456026
12736,302,1,234.0,0,302,234.0,0.0033003300330033004
12738,341,1,155.35,0,341,155.35,0.0029239766081871343
12739,47,2,1013.04,0,68,506.52,0.028985507246376812
12740,33,1,427.6,0,33,427.6,0.029411764705882353
12743,103,2,546.43,0,103,273.215,0.019230769230769232
12744,21,7,21279.29,0,287,3039.8985714285714,0.024305555555555556
12747,36,9,3444.78,1,338,382.75333333333333,0.02654867256637168
12748,0,163,23403.66,1,343,143.580736196319,0.4738372093023256
12749,99,3,2755.23,1,182,918.41,0.01639344262295082
12750,98,1,275.88,0,98,275.88,0.010101010101010102
12752,50,1,4366.78,0,50,4366.78,0.0196078431372549
12753,105,5,16620.91,1,332,3324.182,0.015015015015015015
12754,205,3,3010.74,0,278,1003.5799999999999,0.010752688172043012
12755,250,2,3811.9500000000003,0,335,1905.9750000000001,0.005952380952380952
12756,56,1,112.08,0,56,112.08,0.017543859649122806
12757,20,10,7161.6,1,180,716.1600000000001,0.055248618784530384
12758,86,2,2791.59,0,246,1395.795,0.008097165991902834
12759,21,3,1531.44,0,245,510.48,0.012195121951219513
12763,107,2,494.08,0,338,247.04,0.0058997050147492625
12764,286,1,1693.88,0,286,1693.88,0.003484320557491289
12766,27,6,6271.2,1,335,1045.2,0.017857142857142856
12769,208,1,1143.6,0,208,1143.6,0.004784688995215311
12770,180,1,1351.45,0,180,1351.45,0.0055248618784530384
12772,29,1,892.47,0,29,892.47,0.03333333333333333
12775,159,4,1164.68,1,280,291.17,0.014234875444839857
12778,32,5,663.99,1,281,132.798,0.01773049645390071
12779,7,8,3981.36,0,340,497.67,0.02346041055718475
12781,33,2,826.74,0,254,413.37,0.00784313725490196
12782,119,4,2078.67,1,327,519.6675,0.012195121951219513
12783,2,5,1825.33,1,44,365.066,0.1111111111111111
12785,333,1,311.95,0,333,311.95,0.0029940119760479044
12787,61,2,344.66,1,162,172.33,0.012269938650306749
12789,34,1,91.85,0,34,91.85,0.02857142857142857
12790,161,1,324.92,0,161,324.92,0.006172839506172839
12791,343,1,192.60000000000002,0,343,192.60000000000002,0.0029069767441860465
12792,226,1,400.54,0,226,400.54,0.004405286343612335
12793,304,2,545.48,0,340,272.74,0.005865102639296188
12794,22,2,860.41,0,68,430.205,0.028985507246376812
12797,335,1,254.03,0,335,254.03,0.002976190476190476
12798,13,2,3325.44,1,140,1662.72,0.014184397163120567
12802,156,1,427.58,0,156,427.58,0.006369426751592357
12808,6,3,483.65000000000003,0,338,161.21666666666667,0.008849557522123894
12809,147,1,489.31,0,147,489.31,0.006756756756756757
12811,230,3,514.85,0,253,171.61666666666667,0.011811023622047244
12812,14,1,229.64000000000001,0,14,229.64000000000001,0.06666666666666667
12814,71,1,125.92,0,71,125.92,0.013888888888888888
12815,117,2,1063.46,0,167,531.73,0.011904761904761904
12816,65,2,572.2,0,145,286.1,0.0136986301369863
12817,250,1,166.04000000000002,0,250,166.04000000000002,0.00398406374501992
12818,231,1,1542.08,0,231,1542.08,0.004310344827586207
12820,13,3,731.99,1,296,243.99666666666667,0.010101010101010102
12821,183,1,92.72,0,183,92.72,0.005434782608695652
12822,40,2,948.88,0,56,474.44,0.03508771929824561
12823,44,5,1759.5,0,266,351.9,0.018726591760299626
12824,29,1,397.12,0,29,397.12,0.03333333333333333
12826,41,5,1052.6200000000001,1,334,210.52400000000003,0.014925373134328358
12827,2,2,318.7,1,13,159.35,0.14285714285714285
12828,35,4,661.3100000000001,1,99,165.32750000000001,0.04
12829,306,2,293.0,0,329,146.5,0.006060606060606061
12830,7,6,6814.64,0,141,1135.7733333333333,0.04225352112676056
12831,231,1,215.05,0,231,215.05,0.004310344827586207
12832,1,2,383.03000000000003,0,67,191.51500000000001,0.029411764705882353
12833,114,1,417.38,0,114,417.38,0.008695652173913044
12834,252,1,312.38,0,252,312.38,0.003952569169960474
12836,28,4,2612.86,0,281,653.215,0.014184397163120567
12837,142,1,134.1,0,142,134.1,0.006993006993006993
12838,3,2,683.13,0,343,341.565,0.005813953488372093
12839,12,11,3763.85,1,336,342.16818181818184,0.032640949554896145
12840,113,4,2726.77,0,196,681.6925,0.02030456852791878
12841,13,21,3581.9,1,341,170.56666666666666,0.06140350877192982
12842,39,2,1118.99,0,278,559.495,0.007168458781362007
12843,35,8,1702.26,0,233,212.7825,0.03418803418803419
12844,99,1,174.88,1,99,174.88,0.01
12845,236,4,354.09000000000003,0,259,88.52250000000001,0.015384615384615385
12849,0,2,1050.89,0,238,525.445,0.008368200836820083
12851,66,1,135.18,0,66,135.18,0.014925373134328358
12852,264,1,311.55,0,264,311.55,0.0037735849056603774
12853,104,6,1957.1000000000001,0,285,326.18333333333334,0.02097902097902098
12854,48,3,1324.5,0,287,441.5,0.010416666666666666
12855,342,1,38.1,0,342,38.1,0.0029154518950437317
12856,8,3,1353.32,1,33,451.1066666666666,0.08823529411764706
12857,180,2,1106.4,0,272,553.2,0.007326007326007326
12863,21,1,521.2,0,21,521.2,0.045454545454545456
12864,107,1,147.12,0,107,147.12,0.009259259259259259
12865,93,1,981.38,1,93,981.38,0.010638297872340425
12866,252,1,559.12,0,252,559.12,0.003952569169960474
12867,65,6,3025.74,1,329,504.28999999999996,0.01818181818181818
12868,155,6,1607.0600000000002,0,342,267.84333333333336,0.01749271137026239
12871,53,2,380.64,0,176,190.32,0.011299435028248588
12872,296,2,599.97,0,334,299.985,0.005970149253731343
12873,251,1,374.0,0,251,374.0,0.003968253968253968
12875,112,2,343.2300000000001,0,332,171.61500000000004,0.006006006006006006
12876,27,2,2218.02,0,165,1109.01,0.012048192771084338
12877,47,10,1160.3700000000001,1,328,116.037,0.030395136778115502
12878,205,2,854.99,0,235,427.495,0.00847457627118644
12879,14,3,573.22,0,61,191.07333333333335,0.04838709677419355
12881,245,1,298.0,0,245,298.0,0.0040650406504065045
12882,3,1,471.84000000000003,1,3,471.84000000000003,0.25
12883,58,1,291.63,1,58,291.63,0.01694915254237288
12884,57,1,309.05,0,57,309.05,0.017241379310344827
12885,32,3,1175.22,0,93,391.74,0.031914893617021274
12886,37,2,1378.4,0,189,689.2,0.010526315789473684
12888,183,2,354.12,0,224,177.06,0.008888888888888889
12891,155,3,331.0,0,262,110.33333333333333,0.011406844106463879
12893,0,1,188.14,0,0,188.14,1.0
12895,11,2,372.8,0,56,186.4,0.03508771929824561
12897,174,2,216.5,0,271,108.25,0.007352941176470588
12901,7,24,15224.23,1,240,634.3429166666666,0.0995850622406639
12902,234,1,138.68,0,234,138.68,0.00425531914893617
12904,141,1,244.69,1,141,244.69,0.007042253521126761
12906,47,2,1936.5900000000001,1,47,968.2950000000001,0.041666666666666664
12908,145,2,750.0,0,282,375.0,0.007067137809187279
12909,9,5,2178.67,0,222,435.73400000000004,0.02242152466367713
12910,33,6,2616.58,1,211,436.09666666666664,0.02830188679245283
12912,10,1,318.06,1,10,318.06,0.09090909090909091
12913,252,3,866.39,1,337,288.7966666666667,0.008875739644970414
12915,118,2,363.65,0,342,181.825,0.0058309037900874635
12916,108,4,3006.15,0,290,751.5375,0.013745704467353952
12917,97,1,594.0,0,97,594.0,0.01020408163265306
12919,1,4,777.77,1,139,194.4425,0.02857142857142857
12921,0,33,13533.0,1,342,410.09090909090907,0.09620991253644315
12922,130,1,405.38,0,130,405.38,0.007633587786259542
12923,33,1,176.97,0,33,176.97,0.029411764705882353
12924,57,4,933.7,0,297,233.425,0.013422818791946308
12925,44,1,368.31,1,44,368.31,0.022222222222222223
12928,4,5,2062.7,0,328,412.53999999999996,0.015197568389057751
12929,281,1,117.85,0,281,117.85,0.0035460992907801418
12930,47,2,415.8,0,140,207.9,0.014184397163120567
12931,36,12,34440.06,1,327,2870.0049999999997,0.036585365853658534
12933,140,2,357.49,1,253,178.745,0.007874015748031496
12935,79,4,1535.34,1,288,383.835,0.01384083044982699
12936,47,1,798.46,1,47,798.46,0.020833333333333332
12937,40,3,826.44,1,236,275.48,0.012658227848101266
12939,33,8,11581.8,0,304,1447.725,0.02622950819672131
12940,24,2,913.54,0,57,456.77,0.034482758620689655
12942,100,3,683.9,0,335,227.96666666666667,0.008928571428571428
12944,5,2,604.51,0,324,302.255,0.006153846153846154
12945,257,1,462.95,0,257,462.95,0.003875968992248062
12947,113,6,1603.99,0,342,267.33166666666665,0.01749271137026239
12948,13,6,1855.01,1,234,309.16833333333335,0.02553191489361702
12949,0,8,4167.22,0,221,520.9025,0.036036036036036036
12951,143,5,751.78,1,300,150.356,0.016611295681063124
12952,12,3,1090.06,1,47,363.3533333333333,0.0625
12955,7,8,3107.92,1,237,388.49,0.03361344537815126
12956,275,1,108.07,0,275,108.07,0.0036231884057971015
12957,41,6,2640.7200000000003,1,309,440.12000000000006,0.01935483870967742
12962,82,1,170.54,1,82,170.54,0.012048192771084338
12963,22,3,724.9300000000001,1,335,241.64333333333335,0.008928571428571428
12965,58,1,771.91,0,58,771.91,0.01694915254237288
12967,327,2,1660.9,0,341,830.45,0.005847953216374269
12968,81,1,135.95,0,81,135.95,0.012195121951219513
12970,291,2,23.8,1,291,11.9,0.00684931506849315
12971,1,73,9272.36,1,341,127.0186301369863,0.2134502923976608
12974,167,1,144.8,0,167,144.8,0.005952380952380952
12976,181,1,738.6,0,181,738.6,0.005494505494505495
12977,125,1,39.239999999999995,0,125,39.239999999999995,0.007936507936507936
12980,127,9,7374.900000000001,0,328,819.4333333333334,0.02735562310030395
12981,102,1,187.18,1,102,187.18,0.009708737864077669
12982,212,1,390.54,0,212,390.54,0.004694835680751174
12987,43,2,558.7,0,167,279.35,0.011904761904761904
12988,261,1,535.32,0,261,535.32,0.003816793893129771
12989,23,12,6440.02,1,333,536.6683333333334,0.03592814371257485
12990,0,3,409.5,0,279,136.5,0.010714285714285714
12991,81,1,303.56,1,81,303.56,0.012195121951219513
12993,90,3,372.4,1,267,124.13333333333333,0.011194029850746268
12994,89,2,645.47,1,238,322.735,0.008368200836820083
12995,54,1,211.32,0,54,211.32,0.01818181818181818
12997,58,3,916.39,1,286,305.4633333333333,0.010452961672473868
12999,165,3,455.88,0,215,151.96,0.013888888888888888
13000,76,3,534.85,0,334,178.28333333333333,0.008955223880597015
13001,127,11,8615.42,1,296,783.22,0.037037037037037035
13002,287,1,120.95,0,287,120.95,0.003472222222222222
13003,75,3,149.05,0,184,49.68333333333334,0.016216216216216217
13004,5,16,4993.93,1,327,312.120625,0.04878048780487805
13005,143,2,513.7,0,215,256.85,0.009259259259259259
13006,25,1,81.57,0,25,81.57,0.038461538461538464
13008,292,1,229.47,0,292,229.47,0.0034129692832764505
13011,341,1,50.550000000000004,0,341,50.550000000000004,0.0029239766081871343
13012,47,5,1205.8400000000001,1,264,241.16800000000003,0.018867924528301886
13013,5,11,4218.1900000000005,1,341,383.4718181818182,0.03216374269005848
13014,1,8,2845.48,1,250,355.685,0.03187250996015936
13015,22,5,3346.28,0,218,669.2560000000001,0.0228310502283105
13016,42,3,789.89,0,92,263.2966666666667,0.03225806451612903
13018,0,24,6493.0,1,265,270.5416666666667,0.09022556390977443
13021,7,7,1918.38,1,328,274.05428571428575,0.02127659574468085
13023,33,2,689.9,0,99,344.95,0.02
13026,1,4,774.84,1,245,193.71,0.016260162601626018
13027,83,6,6912.0,0,324,1152.0,0.018461538461538463
13028,14,1,355.94,1,14,355.94,0.06666666666666667
13029,0,3,1247.5,0,322,415.8333333333333,0.009287925696594427
13030,337,1,427.74,1,337,427.74,0.0029585798816568047
13032,21,2,1010.1800000000001,0,56,505.09000000000003,0.03508771929824561
13033,326,1,190.55,0,326,190.55,0.0030581039755351682
13034,24,2,642.77,0,338,321.385,0.0058997050147492625
13035,43,2,921.88,0,230,460.94,0.008658008658008658
13037,107,3,881.07,0,225,293.69,0.01327433628318584
13038,49,3,908.46,0,260,302.82,0.011494252873563218
13040,2,1,303.25,1,2,303.25,0.3333333333333333
13043,242,1,516.42,0,242,516.42,0.00411522633744856
13044,260,1,560.47,0,260,560.47,0.0038314176245210726
13045,68,1,305.28000000000003,0,68,305.28000000000003,0.014492753623188406
13046,0,2,629.31,0,235,314.655,0.00847457627118644
13047,1,10,3237.54,0,343,323.754,0.029069767441860465
13048,83,3,1375.05,1,296,458.34999999999997,0.010101010101010102
13049,33,2,656.6800000000001,0,287,328.34000000000003,0.006944444444444444
13050,15,15,5124.51,1,336,341.634,0.04451038575667656
13052,181,1,348.15000000000003,0,181,348.15000000000003,0.005494505494505495
13055,47,3,1214.41,0,183,404.80333333333334,0.016304347826086956
13058,27,2,137.70000000000002,1,121,68.85000000000001,0.01639344262295082
13059,219,1,183.4,0,219,183.4,0.004545454545454545
13060,223,1,307.53000000000003,0,223,307.53000000000003,0.004464285714285714
13061,41,1,248.61,0,41,248.61,0.023809523809523808
13062,160,1,346.98,0,160,346.98,0.006211180124223602
13064,57,3,842.33,1,296,280.7766666666667,0.010101010101010102
13065,342,1,205.86,0,342,205.86,0.0029154518950437317
13066,1,1,151.81,1,1,151.81,0.5
13067,51,1,115.46000000000001,0,51,115.46000000000001,0.019230769230769232
13068,289,1,165.0,1,289,165.0,0.0034482758620689655
13069,22,22,3999.79,1,339,181.80863636363637,0.06470588235294118
13070,161,1,228.8,0,161,228.8,0.006172839506172839
13072,236,1,177.15,0,236,177.15,0.004219409282700422
13075,99,1,919.61,0,99,919.61,0.01
13077,259,3,577.44,1,335,192.48000000000002,0.008928571428571428
13078,2,22,10197.17,1,336,463.50772727272727,0.06528189910979229
13079,44,3,172.4,1,109,57.46666666666667,0.02727272727272727
13080,148,1,58.08,0,148,58.08,0.006711409395973154
13081,5,9,26141.46,1,340,2904.6066666666666,0.026392961876832845
13082,95,9,3613.63,0,307,401.51444444444445,0.02922077922077922
13083,45,1,192.39,1,45,192.39,0.021739130434782608
13085,127,2,416.08,0,264,208.04,0.007547169811320755
13089,1,87,50777.41,1,339,583.6483908045977,0.25588235294117645
13090,0,12,7979.68,1,342,664.9733333333334,0.03498542274052478
13092,40,5,477.83,0,329,95.566,0.015151515151515152
13093,245,8,7832.47,0,342,979.05875,0.023323615160349854
13094,49,11,1774.68,1,338,161.33454545454546,0.032448377581120944
13095,40,1,74.39999999999999,0,40,74.39999999999999,0.024390243902439025
13097,2,10,6010.42,0,329,601.042,0.030303030303030304
13098,12,22,22761.9,1,286,1034.6318181818183,0.07665505226480836
13099,68,1,207.36,0,68,207.36,0.014492753623188406
13101,203,1,101.19,0,203,101.19,0.004901960784313725
13102,11,21,5658.96,1,334,269.4742857142857,0.0626865671641791
13103,9,1,243.94,0,9,243.94,0.1
13104,16,5,759.0,1,324,151.8,0.015384615384615385
13106,102,1,76.5,0,102,76.5,0.009708737864077669
13107,13,4,1531.6200000000001,0,303,382.90500000000003,0.013157894736842105
13108,342,1,350.06,0,342,350.06,0.0029154518950437317
13109,29,2,786.54,0,126,393.27,0.015748031496062992
13110,0,7,1488.67,0,280,212.66714285714286,0.02491103202846975
13113,9,22,11569.800000000001,1,335,525.9000000000001,0.06547619047619048
13115,26,3,1795.22,1,153,598.4066666666666,0.01948051948051948
13116,107,1,501.14,0,107,501.14,0.009259259259259259
13117,91,7,841.77,1,341,120.25285714285714,0.02046783625730994
13118,177,3,799.7,1,258,266.56666666666666,0.011583011583011582
13120,208,1,30.6,0,208,30.6,0.004784688995215311
13121,238,1,283.73,0,238,283.73,0.0041841004184100415
13122,63,2,922.39,0,209,461.195,0.009523809523809525
13124,59,3,3866.33,0,328,1288.7766666666666,0.00911854103343465
13126,14,7,1730.2,1,336,247.17142857142858,0.020771513353115726
13127,47,1,259.17,0,47,259.17,0.020833333333333332
13130,63,1,64.0,0,63,64.0,0.015625
13131,40,2,772.2,1,157,386.1,0.012658227848101266
13132,231,1,77.3,0,231,77.3,0.004310344827586207
13133,243,2,109.8,0,273,54.9,0.0072992700729927005
13134,55,4,1793.58,0,209,448.395,0.01904761904761905
13135,166,1,3096.0,0,166,3096.0,0.005988023952095809
13136,25,5,2607.61,0,182,521.522,0.0273224043715847
13137,10,6,2507.41,1,278,417.90166666666664,0.021505376344086023
13138,16,5,831.69,1,341,166.33800000000002,0.014619883040935672
13139,2,6,4711.42,1,229,785.2366666666667,0.02608695652173913
13140,77,3,423.72,0,335,141.24,0.008928571428571428
13141,54,5,2388.75,0,284,477.75,0.017543859649122806
13144,302,1,110.95,0,302,110.95,0.0033003300330033004
13145,9,4,618.52,0,341,154.63,0.011695906432748537
13147,0,3,475.2,1,69,158.4,0.04285714285714286
13148,103,10,2789.87,1,333,278.98699999999997,0.029940119760479042
13149,75,3,1132.6200000000001,1,258,377.54,0.011583011583011582
13151,265,1,1257.8700000000001,0,265,1257.8700000000001,0.0037593984962406013
13155,2,4,971.76,0,338,242.94,0.011799410029498525
13157,18,4,1741.22,0,267,435.305,0.014925373134328358
13158,64,4,1201.06,0,288,300.265,0.01384083044982699
13159,19,3,1155.29,1,85,385.09666666666664,0.03488372093023256
13161,282,1,112.75,0,282,112.75,0.0035335689045936395
13162,91,4,1688.29,0,304,422.0725,0.013114754098360656
13165,15,2,1021.48,0,320,510.74,0.006230529595015576
13166,252,1,417.2,0,252,417.2,0.003952569169960474
13167,36,3,659.67,1,113,219.89,0.02631578947368421
13168,5,4,1319.19,0,287,329.7975,0.013888888888888888
13169,33,2,712.88,0,221,356.44,0.009009009009009009
13171,18,2,272.89,1,268,136.445,0.007434944237918215
13173,336,1,165.94,1,336,165.94,0.002967359050445104
13174,285,2,2108.27,1,338,1054.135,0.0058997050147492625
13176,15,1,492.84,0,15,492.84,0.0625
13177,34,1,282.45,0,34,282.45,0.02857142857142857
13178,5,10,5418.99,1,330,541.899,0.030211480362537766
13182,14,1,121.18,0,14,121.18,0.06666666666666667
13183,6,8,3528.7200000000003,1,304,441.09000000000003,0.02622950819672131
13184,100,9,1504.44,1,259,167.16,0.03461538461538462
13185,237,1,71.4,0,237,71.4,0.004201680672268907
13186,9,3,1575.89,0,98,525.2966666666667,0.030303030303030304
13187,306,1,236.02,0,306,236.02,0.003257328990228013
13189,84,1,127.0,1,84,127.0,0.011764705882352941
13192,64,2,911.94,0,174,455.97,0.011428571428571429
13193,30,1,117.88,0,30,117.88,0.03225806451612903
13194,105,1,60.7,0,105,60.7,0.009433962264150943
13196,54,2,1586.95,1,231,793.475,0.008620689655172414
13198,90,5,3009.18,1,331,601.836,0.015060240963855422
13199,1,29,7686.38,1,336,265.04758620689654,0.08605341246290801
13200,43,2,627.01,1,95,313.505,0.020833333333333332
13203,8,3,706.24,1,211,235.41333333333333,0.014150943396226415
13207,120,1,197.52000000000004,1,120,197.52000000000004,0.008264462809917356
13208,28,6,1223.9,0,278,203.98333333333335,0.021505376344086023
13209,98,5,4156.08,1,331,831.216,0.015060240963855422
13210,63,1,353.48,0,63,353.48,0.015625
13211,64,2,886.64,1,330,443.32,0.006042296072507553
13212,30,2,291.47,1,30,145.735,0.06451612903225806
13213,26,5,1520.58,0,169,304.116,0.029411764705882353
13216,237,1,333.74,0,237,333.74,0.004201680672268907
13217,91,3,533.98,0,126,177.99333333333334,0.023622047244094488
13218,96,1,62.64,0,96,62.64,0.010309278350515464
13220,47,4,819.2900000000001,0,206,204.82250000000002,0.01932367149758454
13221,209,2,847.41,0,328,423.705,0.0060790273556231
13223,169,2,163.2,0,201,81.6,0.009900990099009901
13224,29,2,2155.95,0,120,1077.975,0.01652892561983471
13225,29,6,5100.64,1,331,850.1066666666667,0.018072289156626505
13226,242,1,108.21000000000001,0,242,108.21000000000001,0.00411522633744856
13227,171,1,257.7,0,171,257.7,0.005813953488372093
13228,50,1,358.0,0,50,358.0,0.0196078431372549
13229,195,1,160.95,0,195,160.95,0.00510204081632653
13230,107,12,2234.18,1,334,186.18166666666664,0.03582089552238806
13232,67,5,1048.3,1,212,209.66,0.023474178403755867
13233,43,2,605.12,0,305,302.56,0.006535947712418301
13235,181,1,1031.07,0,181,1031.07,0.005494505494505495
13236,76,1,439.23,1,76,439.23,0.012987012987012988
13238,133,2,318.85,1,329,159.425,0.006060606060606061
13239,231,1,329.56,0,231,329.56,0.004310344827586207
13240,65,4,663.65,0,335,165.9125,0.011904761904761904
13242,81,3,270.40000000000003,0,183,90.13333333333334,0.016304347826086956
13243,172,1,600.07,0,172,600.07,0.005780346820809248
13244,62,1,121.74000000000001,0,62,121.74000000000001,0.015873015873015872
13245,20,1,430.5,0,20,430.5,0.047619047619047616
13246,145,5,1860.99,1,299,372.198,0.016666666666666666
13247,20,2,390.87,1,52,195.435,0.03773584905660377
13248,94,2,465.68,0,158,232.84,0.012578616352201259
13249,61,3,711.41,0,230,237.13666666666666,0.012987012987012988
13253,126,2,1030.4,0,308,515.2,0.006472491909385114
13255,343,1,225.7,1,343,225.7,0.0029069767441860465
13258,174,1,224.62,1,174,224.62,0.005714285714285714
13259,31,1,292.32,0,31,292.32,0.03125
13260,30,1,557.62,0,30,557.62,0.03225806451612903
13261,238,2,944.1,0,255,472.05,0.0078125
13262,232,1,200.29,0,232,200.29,0.004291845493562232
13263,12,31,6584.14,1,294,212.39161290322582,0.10508474576271186
13265,22,5,2107.66,0,243,421.532,0.020491803278688523
13266,12,10,3223.69,1,226,322.369,0.04405286343612335
13267,5,16,3487.03,1,336,217.939375,0.04747774480712166
13268,8,8,2882.23,1,236,360.27875,0.03375527426160337
13269,35,11,3917.85,1,339,356.16818181818184,0.03235294117647059
13270,335,1,590.0,0,335,590.0,0.002976190476190476
13271,6,1,217.38,0,6,217.38,0.14285714285714285
13272,0,2,276.56,0,59,138.28,0.03333333333333333
13273,82,1,138.98,0,82,138.98,0.012048192771084338
13276,33,2,590.9300000000001,0,69,295.46500000000003,0.02857142857142857
13277,85,2,125.9,1,103,62.95,0.019230769230769232
13278,10,1,542.73,0,10,542.73,0.09090909090909091
13279,47,1,137.75,0,47,137.75,0.020833333333333332
13280,91,3,814.86,0,306,271.62,0.009771986970684038
13282,131,2,773.1,1,190,386.55,0.010471204188481676
13283,29,2,93.66,0,155,46.83,0.01282051282051282
13284,300,1,201.19,0,300,201.19,0.0033222591362126247
13285,130,3,1970.1,1,259,656.6999999999999,0.011538461538461539
13291,125,1,361.11,0,125,361.11,0.007936507936507936
13292,8,2,578.94,0,253,289.47,0.007874015748031496
13294,159,2,873.74,0,219,436.87,0.00909090909090909
13295,329,1,201.20000000000002,0,329,201.20000000000002,0.0030303030303030303
13296,106,1,87.4,0,106,87.4,0.009345794392523364
13297,36,1,1315.3799999999999,1,36,1315.3799999999999,0.02702702702702703
13299,237,1,142.5,0,237,142.5,0.004201680672268907
13300,138,1,371.89,0,138,371.89,0.007194244604316547
13301,73,4,618.09,0,261,154.5225,0.015267175572519083
13302,124,1,63.75,0,124,63.75,0.008
13304,320,1,300.42,0,320,300.42,0.003115264797507788
13305,62,8,1471.25,1,342,183.90625,0.023323615160349854
13307,89,1,15.0,0,89,15.0,0.011111111111111112
13308,21,2,1099.63,1,172,549.815,0.011560693641618497
13309,14,4,1221.91,1,278,305.4775,0.014336917562724014
13310,175,2,817.65,1,293,408.825,0.006802721088435374
13311,119,1,490.11,1,119,490.11,0.008333333333333333
13313,5,4,1242.64,1,309,310.66,0.012903225806451613
13314,32,2,589.47,1,43,294.735,0.045454545454545456
13316,6,4,5977.73,0,223,1494.4325,0.017857142857142856
13317,35,6,2273.68,0,328,378.94666666666666,0.0182370820668693
13318,6,1,302.96,1,6,302.96,0.14285714285714285
13319,36,21,8248.58,1,335,392.7895238095238,0.0625
13320,47,4,1548.7,0,183,387.175,0.021739130434782608
13321,41,2,567.36,0,55,283.68,0.03571428571428571
13323,1,2,218.0,1,53,109.0,0.037037037037037035
13324,5,10,7121.95,0,330,712.1949999999999,0.030211480362537766
13325,51,1,675.3,0,51,675.3,0.019230769230769232
13327,8,8,3627.77,0,334,453.47125,0.023880597014925373
13328,285,1,1308.48,0,285,1308.48,0.0034965034965034965
13329,1,2,789.0,0,336,394.5,0.005934718100890208
13330,62,3,1140.93,0,285,380.31,0.01048951048951049
13334,51,3,3536.82,0,275,1178.94,0.010869565217391304
13336,46,1,795.12,0,46,795.12,0.02127659574468085
13338,127,1,487.02,0,127,487.02,0.0078125
13339,170,1,860.12,0,170,860.12,0.005847953216374269
13340,14,7,10736.48,0,246,1533.782857142857,0.02834008097165992
13341,230,1,775.85,0,230,775.85,0.004329004329004329
13343,147,1,353.43,0,147,353.43,0.006756756756756757
13344,37,3,2543.7200000000003,0,247,847.9066666666668,0.012096774193548387
13345,257,1,389.5,0,257,389.5,0.003875968992248062
13347,39,1,341.36,0,39,341.36,0.025
13348,33,1,233.76000000000002,0,33,233.76000000000002,0.029411764705882353
13350,48,1,646.57,1,48,646.57,0.02040816326530612
13351,35,1,373.94,0,35,373.94,0.027777777777777776
13352,29,1,397.98,0,29,397.98,0.03333333333333333
13354,40,1,743.53,0,40,743.53,0.024390243902439025
13355,91,1,674.7,0,91,674.7,0.010869565217391304
13356,49,1,768.24,0,49,768.24,0.02
13357,226,1,609.95,0,226,609.95,0.004405286343612335
13358,238,1,439.03000000000003,0,238,439.03000000000003,0.0041841004184100415
13359,33,1,439.56,0,33,439.56,0.029411764705882353
13362,22,3,2337.64,1,257,779.2133333333333,0.011627906976744186
13363,13,1,603.82,1,13,603.82,0.07142857142857142
13364,40,1,134.96,0,40,134.96,0.024390243902439025
13365,3,2,2225.37,0,187,1112.685,0.010638297872340425
13366,19,1,56.16,0,19,56.16,0.05
13368,226,2,623.4,0,307,311.7,0.006493506493506494
13369,335,1,308.28000000000003,0,335,308.28000000000003,0.002976190476190476
13370,341,1,754.87,0,341,754.87,0.0029239766081871343
13372,59,1,378.64,0,59,378.64,0.016666666666666666
13373,30,3,3312.25,0,245,1104.0833333333333,0.012195121951219513
13375,58,1,778.65,0,58,778.65,0.01694915254237288
13376,68,3,1019.76,0,203,339.92,0.014705882352941176
13379,37,2,435.82,1,106,217.91,0.018691588785046728
13381,1,6,3639.31,0,268,606.5516666666666,0.022304832713754646
13382,250,1,222.99,0,250,222.99,0.00398406374501992
13384,0,7,4151.93,0,148,593.1328571428572,0.04697986577181208
13385,299,1,534.57,0,299,534.57,0.0033333333333333335
13388,100,2,677.1,0,100,338.55,0.019801980198019802
13389,44,2,580.15,1,202,290.075,0.009852216748768473
13390,44,1,544.08,0,44,544.08,0.022222222222222223
13391,173,1,59.8,0,173,59.8,0.005747126436781609
13394,23,7,2217.92,1,279,316.8457142857143,0.025
13395,154,1,307.72,0,154,307.72,0.0064516129032258064
13396,288,1,387.27000000000004,1,288,387.27000000000004,0.0034602076124567475
13397,42,5,1544.13,0,308,308.826,0.016181229773462782
13398,161,1,457.34000000000003,0,161,457.34000000000003,0.006172839506172839
13402,96,2,621.23,0,341,310.615,0.005847953216374269
13404,182,1,217.81,1,182,217.81,0.00546448087431694
13405,43,3,572.451,0,287,190.817,0.010416666666666666
13408,0,54,23741.18,1,343,439.6514814814815,0.1569767441860465
13410,44,4,728.66,1,260,182.165,0.01532567049808429
13411,76,1,213.55,0,76,213.55,0.012987012987012988
13414,103,3,1390.5,0,266,463.5,0.011235955056179775
13416,13,2,712.5,0,50,356.25,0.0392156862745098
13417,174,1,236.0,1,174,236.0,0.005714285714285714
13418,30,17,5438.81,1,342,319.93,0.04956268221574344
13419,33,1,221.06,0,33,221.06,0.029411764705882353
13420,119,2,159.85,0,140,79.925,0.014184397163120567
13421,9,2,1851.08,0,259,925.54,0.007692307692307693
13422,33,1,2626.3,0,33,2626.3,0.029411764705882353
13425,77,3,1624.21,0,264,541.4033333333333,0.011320754716981131
13426,33,7,2708.11,1,329,386.8728571428572,0.021212121212121213
13427,89,2,464.86,1,184,232.43,0.010810810810810811
13429,19,3,693.0,1,44,231.0,0.06666666666666667
13430,55,1,336.31,1,55,336.31,0.017857142857142856
13431,36,2,1269.1,0,58,634.55,0.03389830508474576
13434,43,2,534.24,0,66,267.12,0.029850746268656716
13435,13,5,2531.62,1,158,506.32399999999996,0.031446540880503145
13437,0,5,2595.64,1,159,519.1279999999999,0.03125
13439,224,1,283.71,0,224,283.71,0.0044444444444444444
13441,61,1,296.64,0,61,296.64,0.016129032258064516
13447,3,2,654.01,1,5,327.005,0.3333333333333333
13448,49,5,2489.05,1,343,497.81000000000006,0.014534883720930232
13450,58,5,1727.28,1,187,345.456,0.026595744680851064
13451,95,4,2463.39,1,303,615.8475,0.013157894736842105
13452,228,2,590.0,0,240,295.0,0.008298755186721992
13453,135,2,356.98,0,259,178.49,0.007692307692307693
13455,335,1,692.94,1,335,692.94,0.002976190476190476
13456,32,4,1309.8200000000002,1,176,327.45500000000004,0.022598870056497175
13458,13,12,8672.64,1,329,722.7199999999999,0.03636363636363636
13460,19,1,107.46000000000001,1,19,107.46000000000001,0.05
13461,8,3,1445.0,0,133,481.6666666666667,0.022388059701492536
13462,222,1,151.5,0,222,151.5,0.004484304932735426
13464,27,1,674.68,0,27,674.68,0.03571428571428571
13466,153,1,307.90000000000003,0,153,307.90000000000003,0.006493506493506494
13467,5,1,782.46,1,5,782.46,0.16666666666666666
13468,8,33,5163.22,1,342,156.46121212121213,0.09620991253644315
13470,68,2,165.0,0,84,82.5,0.023529411764705882
13471,16,1,941.67,1,16,941.67,0.058823529411764705
13473,30,2,422.64,0,302,211.32,0.006600660066006601
13474,205,1,229.59,0,205,229.59,0.0048543689320388345
13475,160,4,1431.78,0,268,357.945,0.01486988847583643
13476,148,2,1238.47,0,250,619.235,0.00796812749003984
13477,7,6,1454.58,0,261,242.42999999999998,0.022900763358778626
13479,170,2,300.95,0,204,150.475,0.00975609756097561
13481,15,5,1804.56,0,226,360.912,0.022026431718061675
13482,201,1,184.64000000000001,0,201,184.64000000000001,0.0049504950495049506
13483,35,1,140.34,0,35,140.34,0.027777777777777776
13484,210,1,313.8,0,210,313.8,0.004739336492890996
13485,202,1,454.24,0,202,454.24,0.0049261083743842365
13486,47,3,1122.41,0,124,374.1366666666667,0.024
13487,27,3,575.4,0,322,191.79999999999998,0.009287925696594427
13488,12,12,8246.17,1,336,687.1808333333333,0.03560830860534125
13489,74,4,449.52,0,264,112.38,0.01509433962264151
13491,21,10,1215.82,0,341,121.582,0.029239766081871343
13492,105,3,1269.84,0,184,423.28,0.016216216216216217
13493,244,2,618.63,0,256,309.315,0.007782101167315175
13494,281,1,316.26000000000005,0,281,316.26000000000005,0.0035460992907801418
13495,5,4,1732.23,1,337,433.0575,0.011834319526627219
13496,329,1,501.01,1,329,501.01,0.0030303030303030303
13497,252,2,348.05,0,338,174.025,0.0058997050147492625
13499,43,3,613.85,1,239,204.61666666666667,0.0125
13500,5,2,668.8,1,92,334.4,0.021505376344086023
13501,257,1,1340.32,0,257,1340.32,0.003875968992248062
13502,244,2,189.16000000000003,1,293,94.58000000000001,0.006802721088435374
13503,40,1,216.85,0,40,216.85,0.024390243902439025
13504,33,1,295.93,0,33,295.93,0.029411764705882353
13505,42,4,4393.63,0,202,1098.4075,0.019704433497536946
13506,285,2,458.52,0,339,229.26,0.0058823529411764705
13507,67,3,2022.79,1,115,674.2633333333333,0.02586206896551724
13508,213,1,110.97,0,213,110.97,0.004672897196261682
13509,22,6,881.62,1,253,146.93666666666667,0.023622047244094488
13510,14,3,1449.7,1,153,483.23333333333335,0.01948051948051948
13512,230,1,251.21,0,230,251.21,0.004329004329004329
13513,96,1,205.1,0,96,205.1,0.010309278350515464
13514,43,1,152.20000000000002,0,43,152.20000000000002,0.022727272727272728
13515,42,4,891.12,0,217,222.78,0.01834862385321101
13516,42,2,620.41,1,208,310.205,0.009569377990430622
13517,29,3,2128.42,0,149,709.4733333333334,0.02
13518,55,1,659.44,0,55,659.44,0.017857142857142856
13519,47,1,122.75,0,47,122.75,0.020833333333333332
13520,28,6,3624.35,0,341,604.0583333333333,0.017543859649122806
13523,2,5,3964.88,0,335,792.976,0.01488095238095238
13524,10,5,680.1800000000001,0,189,136.036,0.02631578947368421
13525,217,1,282.88,1,217,282.88,0.0045871559633027525
13527,3,7,2287.51,0,296,326.7871428571429,0.02356902356902357
13529,48,2,307.76,0,174,153.88,0.011428571428571429
13531,174,2,483.8,0,335,241.9,0.005952380952380952
13532,3,1,210.31,0,3,210.31,0.25
13533,152,3,270.79,0,237,90.26333333333334,0.012605042016806723
13534,2,24,5512.88,1,327,229.70333333333335,0.07317073170731707
13536,22,2,824.91,1,44,412.455,0.044444444444444446
13538,12,7,1280.85,0,285,182.97857142857143,0.024475524475524476
13539,55,3,631.34,0,278,210.4466666666667,0.010752688172043012
13544,9,2,291.41,0,210,145.705,0.009478672985781991
13546,22,2,418.28,1,170,209.14,0.011695906432748537
13548,65,2,682.41,0,213,341.205,0.009345794392523364
13549,33,6,832.2,1,211,138.70000000000002,0.02830188679245283
13551,288,1,91.80000000000001,0,288,91.80000000000001,0.0034602076124567475
13552,35,12,3740.07,0,285,311.6725,0.04195804195804196
13555,43,4,4149.28,0,171,1037.32,0.023255813953488372
13557,250,1,240.68,1,250,240.68,0.00398406374501992
13558,31,2,323.25,1,37,161.625,0.05263157894736842
13561,185,1,141.85999999999999,0,185,141.85999999999999,0.005376344086021506
13562,51,3,1799.3300000000002,0,215,599.7766666666668,0.013888888888888888
13563,53,2,777.53,0,109,388.765,0.01818181818181818
13564,113,3,1749.02,0,337,583.0066666666667,0.008875739644970414
13565,303,1,110.17999999999999,1,303,110.17999999999999,0.003289473684210526
13566,10,2,874.71,0,52,437.355,0.03773584905660377
13568,142,1,192.85,0,142,192.85,0.006993006993006993
13569,337,1,118.32,1,337,118.32,0.0029585798816568047
13570,212,1,239.49,0,212,239.49,0.004694835680751174
13571,7,10,1639.56,1,223,163.956,0.044642857142857144
13572,175,1,1384.25,0,175,1384.25,0.005681818181818182
13573,19,2,294.40000000000003,0,222,147.20000000000002,0.008968609865470852
13575,28,4,624.62,1,145,156.155,0.0273972602739726
13576,20,15,5627.27,1,342,375.15133333333335,0.043731778425655975
13577,62,3,1193.8,1,211,397.93333333333334,0.014150943396226415
13579,338,1,164.7,1,338,164.7,0.0029498525073746312
13581,278,1,118.0,0,278,118.0,0.0035842293906810036
13583,125,1,781.03,0,125,781.03,0.007936507936507936
13584,276,1,142.4,0,276,142.4,0.0036101083032490976
13587,33,1,712.4,0,33,712.4,0.029411764705882353
13588,0,7,2253.32,1,224,321.90285714285716,0.03111111111111111
13589,149,1,147.0,1,149,147.0,0.006666666666666667
13590,21,5,1668.78,1,272,333.756,0.018315018315018316
13591,34,3,1117.13,0,236,372.3766666666667,0.012658227848101266
13592,5,4,247.95999999999998,0,233,61.989999999999995,0.017094017094017096
13593,77,5,2037.0800000000002,0,305,407.41600000000005,0.016339869281045753
13594,22,1,396.97,0,22,396.97,0.043478260869565216
13598,16,1,180.17000000000002,0,16,180.17000000000002,0.058823529411764705
13599,1,12,3855.09,1,336,321.2575,0.03560830860534125
13600,281,1,219.52,0,281,219.52,0.0035460992907801418
13601,14,2,693.32,0,180,346.66,0.011049723756906077
13602,34,1,428.89,0,34,428.89,0.02857142857142857
13606,212,2,250.42,1,281,125.21,0.0070921985815602835
13607,9,1,678.01,0,9,678.01,0.1
13610,23,6,1013.64,1,254,168.94,0.023529411764705882
13611,58,3,1171.8,0,329,390.59999999999997,0.00909090909090909
13614,58,3,1097.13,1,300,365.71000000000004,0.009966777408637873
13615,288,1,417.69,0,288,417.69,0.0034602076124567475
13617,9,3,544.18,0,149,181.39333333333332,0.02
13618,143,1,177.34,0,143,177.34,0.006944444444444444
13621,86,1,213.85,0,86,213.85,0.011494252873563218
13623,0,5,747.78,0,266,149.55599999999998,0.018726591760299626
13626,222,1,257.23,0,222,257.23,0.004484304932735426
13627,28,5,1638.47,0,327,327.694,0.01524390243902439
13629,0,10,7076.36,1,308,707.636,0.032362459546925564
13630,45,6,1799.78,1,255,299.9633333333333,0.0234375
13631,69,11,3070.42,0,236,279.1290909090909,0.046413502109704644
13632,12,4,1669.13,1,212,417.2825,0.018779342723004695
13634,2,5,1575.16,0,296,315.03200000000004,0.016835016835016835
13635,37,1,1071.03,0,37,1071.03,0.02631578947368421
13636,6,5,949.12,0,254,189.824,0.0196078431372549
13637,21,3,810.5,0,195,270.1666666666667,0.015306122448979591
13639,43,1,1033.34,0,43,1033.34,0.022727272727272728
13642,185,1,354.8,0,185,354.8,0.005376344086021506
13643,0,3,519.44,0,155,173.14666666666668,0.019230769230769232
13644,14,3,1845.3400000000001,1,75,615.1133333333333,0.039473684210526314
13645,89,1,252.1,0,89,252.1,0.011111111111111112
13647,40,3,1275.9,1,204,425.3,0.014634146341463415
13649,226,2,346.6,0,335,173.3,0.005952380952380952
13650,36,5,1538.1000000000001,1,237,307.62,0.02100840336134454
13651,4,2,94.2,0,9,47.1,0.2
13652,15,3,1095.08,0,338,365.02666666666664,0.008849557522123894
13654,12,6,2707.33,0,242,451.22166666666664,0.024691358024691357
13655,83,2,932.97,0,211,466.485,0.009433962264150943
13656,134,2,379.65,0,306,189.825,0.006514657980456026
13657,171,1,152.34,1,171,152.34,0.005813953488372093
13658,54,3,2096.77,1,173,698.9233333333333,0.017241379310344827
13659,175,2,1573.2,0,290,786.6,0.006872852233676976
13662,55,3,897.76,0,228,299.25333333333333,0.013100436681222707
13663,148,1,189.47,0,148,189.47,0.006711409395973154
13666,29,3,84.65,0,256,28.21666666666667,0.011673151750972763
13667,118,1,305.02,0,118,305.02,0.008403361344537815
13668,1,18,5274.7300000000005,1,332,293.04055555555556,0.05405405405405406
13669,20,2,218.55,0,119,109.275,0.016666666666666666
13670,44,1,349.7,0,44,349.7,0.022222222222222223
13672,270,2,186.39000000000001,0,301,93.19500000000001,0.006622516556291391
13673,1,1,213.6,1,1,213.6,0.5
13675,120,2,486.82000000000005,0,254,243.41000000000003,0.00784313725490196
13678,121,1,232.6,0,121,232.6,0.00819672131147541
13680,8,3,3084.04,1,308,1028.0133333333333,0.009708737864077669
13681,38,2,531.08,1,124,265.54,0.016
13682,156,1,59.5,0,156,59.5,0.006369426751592357
13684,255,1,67.23,0,255,67.23,0.00390625
13685,14,3,1934.45,1,29,644.8166666666667,0.1
13686,152,1,72.0,0,152,72.0,0.006535947712418301
13689,32,1,910.0,0,32,910.0,0.030303030303030304
13690,28,1,172.25,0,28,172.25,0.034482758620689655
13692,183,2,871.58,1,205,435.79,0.009708737864077669
13694,12,45,57069.24,1,343,1268.2053333333333,0.1308139534883721
13695,0,15,2504.13,0,229,166.942,0.06521739130434782
13697,8,1,151.3,0,8,151.3,0.1111111111111111
13699,124,1,308.58000000000004,0,124,308.58000000000004,0.008
13700,21,9,1957.02,1,296,217.44666666666666,0.030303030303030304
13703,287,1,99.5,0,287,99.5,0.003472222222222222
13704,16,7,1906.02,1,57,272.2885714285714,0.1206896551724138
13705,114,2,522.68,1,343,261.34,0.005813953488372093
13706,272,1,330.79,0,272,330.79,0.003663003663003663
13707,236,2,806.41,0,284,403.205,0.007017543859649123
13708,240,1,296.88,0,240,296.88,0.004149377593360996
13709,6,11,5799.74,1,284,527.2490909090909,0.03859649122807018
13710,1,1,180.48,0,1,180.48,0.5
13711,188,2,252.06,0,188,126.03,0.010582010582010581
13712,216,1,228.84,0,216,228.84,0.004608294930875576
13715,250,5,1079.34,0,342,215.868,0.014577259475218658
13716,238,1,138.28,0,238,138.28,0.0041841004184100415
13717,1,6,1445.01,0,267,240.835,0.022388059701492536
13718,215,2,306.55,0,265,153.275,0.007518796992481203
13719,2,4,920.02,1,203,230.005,0.0196078431372549
13720,86,4,799.9,0,224,199.975,0.017777777777777778
13721,5,1,524.14,0,5,524.14,0.16666666666666666
13722,101,3,2375.41,0,252,791.8033333333333,0.011857707509881422
13723,186,1,199.85000000000002,0,186,199.85000000000002,0.0053475935828877
13725,19,8,1980.56,0,278,247.57,0.02867383512544803
13726,8,2,1079.66,0,70,539.83,0.028169014084507043
13727,3,1,223.08,1,3,223.08,0.25
13728,6,6,1016.14,0,280,169.35666666666665,0.021352313167259787
13730,105,2,752.6,0,131,376.3,0.015151515151515152
13731,188,2,610.59,0,216,305.295,0.009216589861751152
13735,12,3,2401.25,1,203,800.4166666666666,0.014705882352941176
13736,229,1,357.53,1,229,357.53,0.004347826086956522
13737,169,1,339.6,0,169,339.6,0.0058823529411764705
13740,210,1,350.75,0,210,350.75,0.004739336492890996
13741,41,3,668.4300000000001,0,186,222.81000000000003,0.016042780748663103
13742,59,11,2791.62,1,289,253.78363636363636,0.03793103448275862
13743,58,6,1065.84,1,228,177.64,0.026200873362445413
13744,64,2,1156.36,0,261,578.18,0.007633587786259542
13745,131,1,300.04,0,131,300.04,0.007575757575757576
13747,343,1,79.6,0,343,79.6,0.0029069767441860465
13748,65,5,948.25,0,343,189.65,0.014534883720930232
13750,23,5,1647.26,0,306,329.452,0.016286644951140065
13751,257,1,296.25,0,257,296.25,0.003875968992248062
13752,93,6,1186.28,0,216,197.71333333333334,0.027649769585253458
13753,257,1,741.26,0,257,741.26,0.003875968992248062
13754,121,2,282.6,0,286,141.3,0.006968641114982578
13755,7,4,1025.41,1,32,256.3525,0.12121212121212122
13756,5,10,3876.0800000000004,1,337,387.60800000000006,0.029585798816568046
13758,8,6,2677.7400000000002,1,343,446.29,0.01744186046511628
13759,2,2,659.4100000000001,0,40,329.70500000000004,0.04878048780487805
13760,23,2,286.79,0,225,143.395,0.008849557522123894
13761,19,2,1070.65,0,149,535.325,0.013333333333333334
13762,188,1,306.72,0,188,306.72,0.005291005291005291
13763,32,1,1714.96,0,32,1714.96,0.030303030303030304
13764,40,3,1521.76,0,306,507.25333333333333,0.009771986970684038
13767,30,34,13683.68,1,343,402.46117647058827,0.09883720930232558
13769,6,9,2478.59,1,336,275.3988888888889,0.026706231454005934
13771,33,4,2634.45,0,216,658.6125,0.018433179723502304
13772,3,3,1132.13,0,209,377.3766666666667,0.014285714285714285
13774,51,1,345.0,0,51,345.0,0.019230769230769232
13777,27,28,16974.850000000002,1,342,606.2446428571429,0.08163265306122448
13778,72,1,178.7,0,72,178.7,0.0136986301369863
13780,140,1,116.28000000000002,1,140,116.28000000000002,0.0070921985815602835
13781,220,1,127.84,0,220,127.84,0.004524886877828055
13782,17,5,741.94,1,297,148.388,0.016778523489932886
13784,27,10,2424.63,1,301,242.46300000000002,0.033112582781456956
13786,336,1,230.4,0,336,230.4,0.002967359050445104
13787,45,2,309.04,0,333,154.52,0.005988023952095809
13791,97,2,1516.0,0,137,758.0,0.014492753623188406
13792,35,2,195.55,0,256,97.775,0.007782101167315175
13798,0,51,33855.44,1,341,663.8321568627451,0.14912280701754385
13799,86,2,688.86,0,263,344.43,0.007575757575757576
13800,279,1,558.32,0,279,558.32,0.0035714285714285713
13801,36,1,324.8,0,36,324.8,0.02702702702702703
13802,108,3,4599.42,0,281,1533.14,0.010638297872340425
13803,224,1,277.07,0,224,277.07,0.0044444444444444444
13804,0,7,2635.79,0,259,376.5414285714286,0.026923076923076925
13805,21,2,924.5999999999999,0,98,462.29999999999995,0.020202020202020204
13806,33,1,256.38,0,33,256.38,0.029411764705882353
13807,336,1,112.6,0,336,112.6,0.002967359050445104
13808,16,4,1518.5,1,66,379.625,0.05970149253731343
13809,274,1,155.05,0,274,155.05,0.0036363636363636364
13810,25,2,1253.0,1,25,626.5,0.07692307692307693
13811,153,3,814.5,0,208,271.5,0.014354066985645933
13812,11,3,539.0,0,74,179.66666666666666,0.04
13813,9,4,1366.8600000000001,0,104,341.71500000000003,0.0380952380952381
13814,61,2,1579.12,0,106,789.56,0.018691588785046728
13815,141,2,2977.75,1,288,1488.875,0.006920415224913495
13816,33,1,371.69,1,33,371.69,0.029411764705882353
13817,321,1,128.7,1,321,128.7,0.003105590062111801
13819,271,3,1140.35,0,289,380.1166666666666,0.010344827586206896
13821,114,2,385.64,0,231,192.82,0.008620689655172414
13822,9,1,468.38,1,9,468.38,0.1
13823,61,1,650.42,1,61,650.42,0.016129032258064516
13824,2,5,1698.94,0,279,339.788,0.017857142857142856
13826,145,1,189.5,0,145,189.5,0.00684931506849315
13827,27,3,412.05,0,112,137.35,0.02654867256637168
13831,57,5,1795.59,1,339,359.118,0.014705882352941176
13833,128,1,384.8,0,128,384.8,0.007751937984496124
13835,22,3,742.91,1,184,247.63666666666666,0.016216216216216217
13837,181,2,271.24,0,287,135.62,0.006944444444444444
13838,87,3,479.59,1,339,159.86333333333332,0.008823529411764706
13841,222,1,85.0,0,222,85.0,0.004484304932735426
13842,28,9,3385.62,0,336,376.18,0.026706231454005934
13845,34,1,312.98,0,34,312.98,0.02857142857142857
13846,211,2,663.9300000000001,1,329,331.96500000000003,0.006060606060606061
13848,61,3,1255.0,0,335,418.3333333333333,0.008928571428571428
13849,21,2,1537.95,0,140,768.975,0.014184397163120567
13850,98,1,1595.48,0,98,1595.48,0.010101010101010102
13851,65,3,2651.46,0,257,883.82,0.011627906976744186
13853,26,1,1090.1399999999999,0,26,1090.1399999999999,0.037037037037037035
13854,6,23,7497.2,1,335,325.96521739130435,0.06845238095238096
13856,138,3,388.5,0,172,129.5,0.017341040462427744
13858,26,1,216.17000000000002,0,26,216.17000000000002,0.037037037037037035
13859,295,1,201.16,0,295,201.16,0.0033783783783783786
13860,21,3,617.8100000000001,1,56,205.9366666666667,0.05263157894736842
13862,42,7,2089.7,1,301,298.5285714285714,0.023178807947019868
13863,217,1,305.78,0,217,305.78,0.0045871559633027525
13865,27,4,501.56,0,259,125.39,0.015384615384615385
13866,43,1,145.67,0,43,145.67,0.022727272727272728
13867,0,3,1015.29,0,187,338.43,0.015957446808510637
13868,8,1,507.54,1,8,507.54,0.1111111111111111
13869,92,4,3104.9500000000003,0,326,776.2375000000001,0.012232415902140673
13870,9,7,2618.19,1,257,374.02714285714285,0.027131782945736434
13871,14,12,5870.49,1,278,489.2075,0.043010752688172046
13873,89,3,389.6,0,279,129.86666666666667,0.010714285714285714
13874,327,1,540.45,0,327,540.45,0.003048780487804878
13875,23,5,1786.79,0,270,357.358,0.01845018450184502
13876,33,1,122.7,0,33,122.7,0.029411764705882353
13877,55,1,117.24,0,55,117.24,0.017857142857142856
13878,24,1,1281.53,0,24,1281.53,0.04
13880,21,12,2823.12,1,336,235.26,0.03560830860534125
13881,8,15,13361.84,1,281,890.7893333333334,0.05319148936170213
13882,12,2,683.31,1,33,341.655,0.058823529411764705
13883,188,4,1742.78,1,222,435.695,0.017937219730941704
13884,58,4,540.5,1,252,135.125,0.015810276679841896
13885,158,2,506.8,0,170,253.4,0.011695906432748537
13886,40,1,243.56,0,40,243.56,0.024390243902439025
13887,173,1,349.55,0,173,349.55,0.005747126436781609
13888,89,2,605.63,0,187,302.815,0.010638297872340425
13889,62,1,416.90000000000003,0,62,416.90000000000003,0.015873015873015872
13890,2,5,1001.91,1,328,200.382,0.015197568389057751
13892,22,3,571.77,1,216,190.59,0.013824884792626729
13893,267,1,821.1,0,267,821.1,0.0037313432835820895
13894,279,1,160.85,1,279,160.85,0.0035714285714285713
13895,36,3,1911.1100000000001,1,134,637.0366666666667,0.022222222222222223
13897,19,1,311.16,0,19,311.16,0.05
13898,295,1,155.93,0,295,155.93,0.0033783783783783786
13899,244,1,298.5,1,244,298.5,0.004081632653061225
13900,152,3,740.95,0,232,246.98333333333335,0.012875536480686695
13901,41,5,2867.2000000000003,0,288,573.44,0.01730103806228374
13904,6,2,332.64,0,264,166.32,0.007547169811320755
13908,49,4,2369.55,0,246,592.3875,0.016194331983805668
13911,26,9,2580.91,0,277,286.7677777777778,0.03237410071942446
13914,5,1,321.07,1,5,321.07,0.16666666666666666
13917,19,2,272.04,0,161,136.02,0.012345679012345678
13918,19,2,1212.8400000000001,0,222,606.4200000000001,0.008968609865470852
13919,28,2,384.81,0,91,192.405,0.021739130434782608
13922,321,1,172.25,0,321,172.25,0.003105590062111801
13923,23,1,351.13,0,23,351.13,0.041666666666666664
13924,1,3,1161.26,1,41,387.08666666666664,0.07142857142857142
13925,62,4,678.25,0,104,169.5625,0.0380952380952381
13927,44,1,348.99,0,44,348.99,0.022222222222222223
13928,0,3,356.67,1,102,118.89,0.02912621359223301
13929,138,2,842.65,0,295,421.325,0.006756756756756757
13930,27,2,337.34,0,106,168.67,0.018691588785046728
13931,65,2,1237.53,0,250,618.765,0.00796812749003984
13932,264,1,307.4,0,264,307.4,0.0037735849056603774
13933,78,2,608.79,0,117,304.395,0.01694915254237288
13934,233,1,922.1,0,233,922.1,0.004273504273504274
13936,149,1,376.58,0,149,376.58,0.006666666666666667
13937,138,1,158.85,0,138,158.85,0.007194244604316547
13938,4,1,71.66,0,4,71.66,0.2
13939,78,2,390.21,1,281,195.105,0.0070921985815602835
13940,33,3,616.3000000000001,1,113,205.43333333333337,0.02631578947368421
13941,59,4,3859.3,1,342,964.825,0.011661807580174927
13946,48,3,561.57,0,237,187.19000000000003,0.012605042016806723
13947,34,1,90.60000000000001,0,34,90.60000000000001,0.02857142857142857
13948,330,1,102.0,0,330,102.0,0.0030211480362537764
13949,9,4,1604.25,1,64,401.0625,0.06153846153846154
13950,42,2,323.66,1,216,161.83,0.009216589861751152
13951,145,3,674.45,0,263,224.8166666666667,0.011363636363636364
13952,187,2,3251.071,0,208,1625.5355,0.009569377990430622
13953,22,6,3104.36,1,322,517.3933333333333,0.018575851393188854
13954,40,1,227.41,1,40,227.41,0.024390243902439025
13955,123,2,322.96,0,275,161.48,0.007246376811594203
13956,23,4,869.92,1,240,217.48,0.016597510373443983
13959,48,3,598.2,0,331,199.4,0.009036144578313253
13960,41,1,128.1,1,41,128.1,0.023809523809523808
13962,215,1,117.6,1,215,117.6,0.004629629629629629
13963,277,4,664.54,0,337,166.135,0.011834319526627219
13967,115,1,80.7,0,115,80.7,0.008620689655172414
13969,7,14,6436.88,1,334,459.77714285714285,0.041791044776119404
13971,29,7,2357.56,1,255,336.7942857142857,0.02734375
13972,40,2,190.25,0,171,95.125,0.011627906976744186
13973,256,1,264.7,0,256,264.7,0.0038910505836575876
13974,18,1,413.59000000000003,0,18,413.59000000000003,0.05263157894736842
13975,0,6,2526.28,0,246,421.0466666666667,0.024291497975708502
13976,176,1,357.98,0,176,357.98,0.005649717514124294
13978,14,1,158.99,1,14,158.99,0.06666666666666667
13979,42,1,869.87,0,42,869.87,0.023255813953488372
13980,29,1,200.14,0,29,200.14,0.03333333333333333
13982,8,4,1871.81,0,334,467.9525,0.011940298507462687
13983,9,11,2474.55,1,336,224.95909090909092,0.032640949554896145
13984,95,4,819.33,1,335,204.8325,0.011904761904761904
13985,1,11,5380.54,1,233,489.14,0.04700854700854701
13988,13,5,3685.52,1,224,737.104,0.022222222222222223
13989,35,2,1266.08,0,208,633.04,0.009569377990430622
13990,182,1,311.3,0,182,311.3,0.00546448087431694
13991,21,3,540.25,1,112,180.08333333333334,0.02654867256637168
13993,12,9,3466.36,0,300,385.1511111111111,0.029900332225913623
13994,9,5,2197.04,1,117,439.408,0.0423728813559322
13995,25,4,1177.93,1,215,294.4825,0.018518518518518517
13999,34,10,3177.41,1,331,317.741,0.030120481927710843
14000,180,1,635.66,0,180,635.66,0.0055248618784530384
14001,15,3,2043.0800000000002,0,342,681.0266666666668,0.008746355685131196
14002,103,2,529.73,0,125,264.865,0.015873015873015872
14004,12,7,4582.64,0,258,654.6628571428572,0.02702702702702703
14005,45,4,977.68,1,185,244.42,0.021505376344086023
14006,85,3,962.19,0,281,320.73,0.010638297872340425
14009,167,2,695.61,0,174,347.805,0.011428571428571429
14012,247,1,328.8,0,247,328.8,0.004032258064516129
14013,79,3,473.02,0,245,157.67333333333332,0.012195121951219513
14014,46,1,505.18,0,46,505.18,0.02127659574468085
14015,22,1,917.34,0,22,917.34,0.043478260869565216
14016,131,4,4341.21,0,326,1085.3025,0.012232415902140673
14019,16,3,1421.6100000000001,0,107,473.87000000000006,0.027777777777777776
14020,57,1,331.14,1,57,331.14,0.017241379310344827
14021,124,3,631.9,0,225,210.63333333333333,0.01327433628318584
14022,194,1,440.0,0,194,440.0,0.005128205128205128
14023,219,1,273.14,1,219,273.14,0.004545454545454545
14024,91,2,327.7,0,93,163.85,0.02127659574468085
14027,30,1,104.82,0,30,104.82,0.03225806451612903
14029,32,2,467.66,0,113,233.83,0.017543859649122806
14030,58,7,1816.81,1,335,259.5442857142857,0.020833333333333332
14031,18,17,14711.65,1,341,865.3911764705882,0.049707602339181284
14032,7,8,2250.29,1,336,281.28625,0.02373887240356083
14034,126,2,473.90999999999997,1,126,236.95499999999998,0.015748031496062992
14035,16,4,1127.7,1,267,281.925,0.014925373134328358
14036,254,1,626.65,0,254,626.65,0.00392156862745098
14037,145,2,147.20000000000002,0,334,73.60000000000001,0.005970149253731343
14038,47,3,1560.38,0,176,520.1266666666667,0.01694915254237288
14039,2,1,152.2,0,2,152.2,0.3333333333333333
14040,10,12,3614.92,0,300,301.24333333333334,0.03986710963455149
14041,235,1,141.41,0,235,141.41,0.00423728813559322
14044,72,3,542.11,1,279,180.70333333333335,0.010714285714285714
14045,78,4,1659.75,0,343,414.9375,0.011627906976744186
14046,253,1,154.99,0,253,154.99,0.003937007874015748
14047,42,4,957.46,1,342,239.365,0.011661807580174927
14048,274,1,409.93,0,274,409.93,0.0036363636363636364
14049,128,3,3285.39,1,287,1095.1299999999999,0.010416666666666666
14050,1,2,746.36,0,75,373.18,0.02631578947368421
14051,0,20,12688.99,1,336,634.4495,0.05934718100890208
14053,93,2,260.25,0,129,130.125,0.015384615384615385
14054,34,1,92.46000000000001,0,34,92.46000000000001,0.02857142857142857
14055,75,1,725.6400000000001,0,75,725.6400000000001,0.013157894736842105
14056,4,21,7254.9,1,253,345.47142857142853,0.08267716535433071
14057,36,16,5578.8,1,330,348.675,0.04833836858006042
14059,236,1,183.6,0,236,183.6,0.004219409282700422
14060,26,17,5430.38,1,342,319.4341176470588,0.04956268221574344
14062,41,11,9225.47,1,333,838.6790909090909,0.03293413173652695
14064,82,4,1097.68,1,243,274.42,0.01639344262295082
14066,236,1,152.55,0,236,152.55,0.004219409282700422
14067,33,2,374.7,0,66,187.35,0.029850746268656716
14068,289,1,265.85,0,289,265.85,0.0034482758620689655
14071,1,5,943.0,1,234,188.6,0.02127659574468085
14073,1,1,151.04,0,1,151.04,0.5
14075,230,1,307.92,1,230,307.92,0.004329004329004329
14076,98,1,122.47,0,98,122.47,0.010101010101010102
14077,10,5,499.42,0,243,99.884,0.020491803278688523
14078,71,6,1049.37,0,342,174.89499999999998,0.01749271137026239
14079,94,1,375.1,0,94,375.1,0.010526315789473684
14080,2,1,45.599999999999994,0,2,45.599999999999994,0.3333333333333333
14081,271,2,934.52,0,338,467.26,0.0058997050147492625
14082,334,1,182.25,0,334,182.25,0.0029850746268656717
14083,95,7,548.92,1,341,78.41714285714285,0.02046783625730994
14085,14,14,3538.73,1,338,252.76642857142858,0.04129793510324484
14088,6,9,37603.05,1,291,4178.116666666667,0.030821917808219176
14089,26,1,161.0,0,26,161.0,0.037037037037037035
14090,294,1,76.32000000000001,0,294,76.32000000000001,0.003389830508474576
14092,37,11,3096.59,1,327,281.5081818181818,0.03353658536585366
14096,8,12,28401.03,1,71,2366.7525,0.16666666666666666
14098,6,1,147.35,0,6,147.35,0.14285714285714285
14099,12,10,2890.37,1,324,289.037,0.03076923076923077
14100,107,1,194.9,0,107,194.9,0.009259259259259259
14101,43,6,5976.79,0,295,996.1316666666667,0.02027027027027027
14102,6,2,770.4,1,14,385.2,0.13333333333333333
14104,123,2,216.21,0,135,108.105,0.014705882352941176
14105,208,1,1266.23,0,208,1266.23,0.004784688995215311
14107,21,7,2703.23,0,333,386.17571428571426,0.020958083832335328
14108,0,2,597.91,0,71,298.955,0.027777777777777776
14109,42,1,144.2,0,42,144.2,0.023255813953488372
14110,6,10,5032.27,1,236,503.22700000000003,0.04219409282700422
14111,65,3,295.5,1,211,98.5,0.014150943396226415
14112,9,6,2704.05,1,245,450.675,0.024390243902439025
14113,47,2,926.38,1,324,463.19,0.006153846153846154
14114,243,2,386.53,0,300,193.265,0.006644518272425249
14116,0,4,1169.82,1,91,292.455,0.043478260869565216
14117,113,1,90.0,0,113,90.0,0.008771929824561403
14121,29,1,233.1,1,29,233.1,0.03333333333333333
14124,53,1,419.58,0,53,419.58,0.018518518518518517
14125,47,1,1295.43,1,47,1295.43,0.020833333333333332
14127,92,3,709.71,0,280,236.57000000000002,0.010676156583629894
14128,30,2,637.5,0,225,318.75,0.008849557522123894
14129,65,3,726.23,1,230,242.07666666666668,0.012987012987012988
14130,288,1,483.86,0,288,483.86,0.0034602076124567475
14132,5,8,2627.9,1,153,328.4875,0.05194805194805195
14133,99,3,605.64,0,285,201.88,0.01048951048951049
14135,1,13,4247.41,1,342,326.7238461538461,0.037900874635568516
14138,33,1,638.21,1,33,638.21,0.029411764705882353
14139,15,1,415.82,0,15,415.82,0.0625
14140,1,1,540.99,1,1,540.99,0.5
14141,29,3,688.7800000000001,1,74,229.59333333333336,0.04
14142,342,1,311.81,0,342,311.81,0.0029154518950437317
14143,103,1,115.8,0,103,115.8,0.009615384615384616
14145,16,4,3742.2,0,186,935.55,0.0213903743315508
14146,50,4,2965.84,1,326,741.46,0.012232415902140673
14147,47,2,483.4,0,255,241.7,0.0078125
14148,203,1,157.2,0,203,157.2,0.004901960784313725
14149,190,1,446.62,0,190,446.62,0.005235602094240838
14150,5,2,658.64,0,329,329.32,0.006060606060606061
14152,44,2,621.29,0,203,310.645,0.00980392156862745
14154,208,2,1345.62,0,208,672.81,0.009569377990430622
14155,235,1,118.75,0,235,118.75,0.00423728813559322
14156,2,51,111024.38,1,341,2176.9486274509804,0.14912280701754385
14157,254,1,277.17,1,254,277.17,0.00392156862745098
14158,9,1,507.65999999999997,0,9,507.65999999999997,0.1
14159,10,10,3845.19,1,332,384.519,0.03003003003003003
14161,185,3,1110.52,0,338,370.17333333333335,0.008849557522123894
14162,143,2,289.36,0,262,144.68,0.0076045627376425855
14163,56,4,2445.91,0,208,611.4775,0.019138755980861243
14164,40,2,1631.77,0,50,815.885,0.0392156862745098
14165,245,1,122.53999999999999,0,245,122.53999999999999,0.0040650406504065045
14167,8,4,574.84,0,300,143.71,0.013289036544850499
14171,67,1,363.79,0,67,363.79,0.014705882352941176
14173,14,2,243.81,1,188,121.905,0.010582010582010581
14174,2,1,134.46,0,2,134.46,0.3333333333333333
14175,29,3,3222.3,0,299,1074.1000000000001,0.01
14176,266,4,576.9000000000001,0,337,144.22500000000002,0.011834319526627219
14177,55,4,559.41,0,149,139.8525,0.02666666666666667
14178,10,5,953.95,1,151,190.79000000000002,0.03289473684210526
14179,10,2,719.78,0,21,359.89,0.09090909090909091
14180,27,23,4408.62,1,341,191.6791304347826,0.06725146198830409
14184,36,1,452.89,0,36,452.89,0.02702702702702703
14185,300,1,197.65,0,300,197.65,0.0033222591362126247
14188,0,6,2054.36,0,279,342.3933333333334,0.02142857142857143
14189,13,12,3735.42,1,338,311.285,0.035398230088495575
14191,7,10,3149.84,1,190,314.98400000000004,0.05235602094240838
14193,37,2,853.39,0,239,426.695,0.008333333333333333
14194,11,18,8719.960000000001,1,277,484.44222222222226,0.06474820143884892
14195,171,2,1012.0,0,221,506.0,0.009009009009009009
14196,76,1,335.52,0,76,335.52,0.012987012987012988
14198,56,3,528.8,1,208,176.26666666666665,0.014354066985645933
14199,187,1,185.39999999999998,0,187,185.39999999999998,0.005319148936170213
14201,29,7,747.44,0,328,106.77714285714286,0.02127659574468085
14205,233,1,222.9,1,233,222.9,0.004273504273504274
14206,208,1,328.15999999999997,0,208,328.15999999999997,0.004784688995215311
14208,64,1,151.74,0,64,151.74,0.015384615384615385
14209,90,5,1876.33,1,301,375.26599999999996,0.016556291390728478
14210,75,6,1905.8400000000001,0,341,317.64000000000004,0.017543859649122806
14211,22,9,2241.1,0,264,249.0111111111111,0.033962264150943396
14212,59,1,1070.48,0,59,1070.48,0.016666666666666666
14214,0,5,1004.38,0,247,200.876,0.020161290322580645
14215,47,5,1343.91,1,337,268.78200000000004,0.014792899408284023
14216,7,1,459.8,1,7,459.8,0.125
14217,9,14,1665.14,1,335,118.93857142857144,0.041666666666666664
14218,12,1,169.48000000000002,0,12,169.48000000000002,0.07692307692307693
14220,216,2,632.4000000000001,0,327,316.20000000000005,0.006097560975609756
14221,11,9,3432.8,0,308,381.4222222222222,0.02912621359223301
14222,146,1,683.17,0,146,683.17,0.006802721088435374
14223,61,3,991.13,0,233,330.37666666666667,0.01282051282051282
14224,79,4,1050.1200000000001,0,289,262.53000000000003,0.013793103448275862
14226,40,3,1895.17,1,238,631.7233333333334,0.012552301255230125
14227,55,9,3031.9,1,254,336.8777777777778,0.03529411764705882
14229,21,3,1547.2,0,303,515.7333333333333,0.009868421052631578
14231,153,3,925.71,0,258,308.57,0.011583011583011582
14232,12,5,2048.07,0,234,409.61400000000003,0.02127659574468085
14233,18,4,1462.72,0,287,365.68,0.013888888888888888
14234,14,2,452.34,1,26,226.17,0.07407407407407407
14235,44,5,3144.86,0,229,628.972,0.021739130434782608
14236,50,2,490.86,0,341,245.43,0.005847953216374269
14237,342,1,161.0,0,342,161.0,0.0029154518950437317
14238,295,1,146.85,0,295,146.85,0.0033783783783783786
14239,12,11,2380.85,0,285,216.4409090909091,0.038461538461538464
14240,195,1,226.85000000000002,1,195,226.85000000000002,0.00510204081632653
14241,153,1,213.70000000000002,0,153,213.70000000000002,0.006493506493506494
14242,204,2,280.55,0,295,140.275,0.006756756756756757
14243,7,9,2481.35,1,335,275.7055555555555,0.026785714285714284
14245,189,2,1693.45,0,233,846.725,0.008547008547008548
14246,80,3,1474.06,0,215,491.3533333333333,0.013888888888888888
14247,247,1,136.77,0,247,136.77,0.004032258064516129
14248,287,1,302.58,0,287,302.58,0.003472222222222222
14250,58,1,1228.83,1,58,1228.83,0.01694915254237288
14251,27,1,1259.46,1,27,1259.46,0.03571428571428571
14256,229,2,969.0600000000001,0,334,484.53000000000003,0.005970149253731343
14257,33,5,3099.7200000000003,0,288,619.9440000000001,0.01730103806228374
14258,59,8,11298.380000000001,1,307,1412.2975000000001,0.025974025974025976
14259,111,1,120.0,0,111,120.0,0.008928571428571428
14261,20,2,1163.45,0,48,581.725,0.04081632653061224
14262,23,5,1593.75,1,210,318.75,0.023696682464454975
14264,124,2,333.97,0,215,166.985,0.009259259259259259
14265,78,2,530.18,0,118,265.09,0.01680672268907563
14267,132,3,1516.24,0,230,505.41333333333336,0.012987012987012988
14270,301,1,492.65000000000003,0,301,492.65000000000003,0.0033112582781456954
14271,195,1,112.32000000000001,0,195,112.32000000000001,0.00510204081632653
14272,43,2,437.96,0,223,218.98,0.008928571428571428
14273,20,4,559.97,0,211,139.9925,0.018867924528301886
14276,68,3,1119.74,0,259,373.24666666666667,0.011538461538461539
14277,181,1,1637.43,1,181,1637.43,0.005494505494505495
14280,166,1,134.04,0,166,134.04,0.005988023952095809
14282,1,11,3046.44,1,337,276.9490909090909,0.03254437869822485
14284,0,2,595.25,0,55,297.625,0.03571428571428571
14285,7,3,1554.03,1,146,518.01,0.02040816326530612
14286,15,2,2692.85,1,212,1346.425,0.009389671361502348
14287,168,2,83.28,1,168,41.64,0.011834319526627219
14288,182,1,426.6,0,182,426.6,0.00546448087431694
14289,104,5,832.78,1,259,166.55599999999998,0.019230769230769232
14290,25,4,2050.12,1,331,512.53,0.012048192771084338
14291,27,9,3325.56,1,244,369.50666666666666,0.036734693877551024
14292,9,7,4458.61,1,252,636.9442857142857,0.02766798418972332
14293,116,3,739.41,1,338,246.47,0.008849557522123894
14295,9,1,166.20000000000002,0,9,166.20000000000002,0.1
14297,20,3,724.95,1,244,241.65,0.012244897959183673
14298,0,43,50889.7,1,329,1183.4813953488372,0.1303030303030303
14299,27,7,3150.55,1,335,450.0785714285715,0.020833333333333332
14301,86,1,640.14,0,86,640.14,0.011494252873563218
14304,192,1,383.45,0,192,383.45,0.0051813471502590676
14305,40,3,1858.96,0,104,619.6533333333333,0.02857142857142857
14306,20,2,2093.32,0,55,1046.66,0.03571428571428571
14307,58,6,2995.7200000000003,0,343,499.2866666666667,0.01744186046511628
14309,62,7,1633.7,1,327,233.3857142857143,0.021341463414634148
14311,212,1,310.26,0,212,310.26,0.004694835680751174
14312,16,6,1611.5900000000001,0,306,268.59833333333336,0.019543973941368076
14314,76,1,120.0,0,76,120.0,0.012987012987012988
14315,14,6,2481.13,0,235,413.5216666666667,0.025423728813559324
14317,34,1,508.58,0,34,508.58,0.02857142857142857
14320,176,2,477.79,0,302,238.895,0.006600660066006601
14321,43,4,1230.59,1,303,307.6475,0.013157894736842105
14323,84,2,605.0600000000001,0,208,302.53000000000003,0.009569377990430622
14326,211,1,183.85,0,211,183.85,0.0047169811320754715
14327,132,1,311.65000000000003,0,132,311.65000000000003,0.007518796992481203
14329,18,5,4646.39,1,298,929.278,0.016722408026755852
14331,93,2,462.66,0,104,231.33,0.01904761904761905
14332,35,2,585.34,1,117,292.67,0.01694915254237288
14333,37,1,415.2,0,37,415.2,0.02631578947368421
14334,63,7,2328.71,1,327,332.67285714285714,0.021341463414634148
14335,65,1,359.25,1,65,359.25,0.015151515151515152
14336,167,3,1114.39,1,245,371.46333333333337,0.012195121951219513
14338,130,2,588.22,0,165,294.11,0.012048192771084338
14339,212,1,309.52000000000004,0,212,309.52000000000004,0.004694835680751174
14340,188,1,134.7,0,188,134.7,0.005291005291005291
14341,14,8,2182.28,0,287,272.785,0.027777777777777776
14342,0,3,510.78000000000003,1,179,170.26000000000002,0.016666666666666666
14344,96,8,889.9300000000001,0,338,111.24125000000001,0.02359882005899705
14345,8,1,108.98,0,8,108.98,0.1111111111111111
14346,90,2,1021.58,0,266,510.79,0.00749063670411985
14348,229,1,409.57,0,229,409.57,0.004347826086956522
14350,243,1,282.93,0,243,282.93,0.004098360655737705
14351,134,1,51.0,0,134,51.0,0.007407407407407408
14352,126,4,1078.96,0,242,269.74,0.01646090534979424
14353,184,1,90.6,0,184,90.6,0.005405405405405406
14355,335,1,174.4,0,335,174.4,0.002976190476190476
14356,49,2,701.23,0,50,350.615,0.0392156862745098
14357,12,1,225.77,0,12,225.77,0.07692307692307693
14359,12,2,785.48,1,57,392.74,0.034482758620689655
14360,1,4,2128.23,0,64,532.0575,0.06153846153846154
14364,78,8,3717.35,0,180,464.66875,0.04419889502762431
14367,0,14,8313.14,1,245,593.7957142857142,0.056910569105691054
14368,289,1,155.0,0,289,155.0,0.0034482758620689655
14371,264,1,100.5,0,264,100.5,0.0037735849056603774
14373,327,1,76.55,0,327,76.55,0.003048780487804878
14375,154,1,257.68,0,154,257.68,0.0064516129032258064
14377,160,2,617.05,0,231,308.525,0.008620689655172414
14379,13,2,348.1,0,264,174.05,0.007547169811320755
14381,21,1,202.68,0,21,202.68,0.045454545454545456
14383,7,3,1247.69,0,133,415.8966666666667,0.022388059701492536
14386,266,1,142.4,0,266,142.4,0.003745318352059925
14387,2,3,1770.56,0,78,590.1866666666666,0.0379746835443038
14388,4,7,2740.86,1,342,391.5514285714286,0.02040816326530612
14389,34,2,1043.46,0,160,521.73,0.012422360248447204
14390,7,6,3036.87,1,342,506.145,0.01749271137026239
14393,187,1,67.95,0,187,67.95,0.005319148936170213
14395,29,8,2948.72,1,341,368.59,0.023391812865497075
14396,34,2,487.99,0,340,243.995,0.005865102639296188
14397,11,14,1590.18,1,183,113.58428571428571,0.07608695652173914
14400,118,1,574.7,0,118,574.7,0.008403361344537815
14401,7,12,3697.7,1,329,308.14166666666665,0.03636363636363636
14403,99,4,1475.81,0,216,368.9525,0.018433179723502304
14404,3,6,1474.32,0,338,245.72,0.017699115044247787
14406,88,1,156.75,0,88,156.75,0.011235955056179775
14407,76,6,2157.73,0,246,359.62166666666667,0.024291497975708502
14408,64,6,2298.31,1,233,383.0516666666667,0.02564102564102564
14409,40,6,2059.4500000000003,0,337,343.24166666666673,0.01775147928994083
14410,61,9,1105.07,0,275,122.78555555555555,0.03260869565217391
14411,280,1,1063.0,0,280,1063.0,0.0035587188612099642
14412,12,2,770.03,0,42,385.015,0.046511627906976744
14413,331,1,122.7,0,331,122.7,0.0030120481927710845
14414,61,7,1496.98,0,328,213.8542857142857,0.02127659574468085
14415,12,11,4693.15,1,329,426.65,0.03333333333333333
14416,11,1,361.0,1,11,361.0,0.08333333333333333
14418,77,1,150.44,1,77,150.44,0.01282051282051282
14419,8,5,841.3100000000001,1,334,168.262,0.014925373134328358
14420,68,1,387.52,0,68,387.52,0.014492753623188406
14421,26,2,813.11,0,181,406.555,0.01098901098901099
14422,22,4,3551.08,1,236,887.77,0.016877637130801686
14423,187,1,265.2,0,187,265.2,0.005319148936170213
14426,1,8,3810.5,1,282,476.3125,0.028268551236749116
14427,19,2,363.34000000000003,0,33,181.67000000000002,0.058823529411764705
14428,5,4,1042.97,1,294,260.7425,0.013559322033898305
14431,272,1,470.36,0,272,470.36,0.003663003663003663
14432,7,4,1390.06,1,58,347.515,0.06779661016949153
14434,7,5,1032.0,1,41,206.4,0.11904761904761904
14436,68,1,89.06,0,68,89.06,0.014492753623188406
14437,335,1,63.0,0,335,63.0,0.002976190476190476
14438,275,1,131.9,0,275,131.9,0.0036231884057971015
14439,289,1,2661.24,0,289,2661.24,0.0034482758620689655
14440,11,4,1740.43,1,335,435.1075,0.011904761904761904
14441,12,3,1407.19,1,225,469.06333333333333,0.01327433628318584
14442,174,2,1589.82,0,286,794.91,0.006968641114982578
14443,23,4,1420.2,0,338,355.05,0.011799410029498525
14446,50,2,685.22,1,216,342.61,0.009216589861751152
14447,20,4,872.47,1,250,218.1175,0.01593625498007968
14448,333,1,102.35000000000001,1,333,102.35000000000001,0.0029940119760479044
14449,33,3,714.7,1,341,238.23333333333335,0.008771929824561403
14450,150,3,483.25,0,290,161.08333333333334,0.010309278350515464
14451,29,2,662.59,0,164,331.295,0.012121212121212121
14452,63,1,127.37,1,63,127.37,0.015625
14453,159,1,119.93,0,159,119.93,0.00625
14456,9,6,2079.79,1,111,346.63166666666666,0.05357142857142857
14457,280,1,113.64,0,280,113.64,0.0035587188612099642
14459,124,1,1837.92,0,124,1837.92,0.008
14460,79,3,434.34,0,280,144.78,0.010676156583629894
14461,117,3,2103.06,0,231,701.02,0.01293103448275862
14462,35,11,2004.02,0,309,182.18363636363637,0.035483870967741936
14463,67,3,529.62,0,174,176.54,0.017142857142857144
14465,216,3,1058.6200000000001,0,272,352.8733333333334,0.01098901098901099
14466,43,6,1785.65,1,341,297.60833333333335,0.017543859649122806
14467,15,2,311.97,1,282,155.985,0.007067137809187279
14470,257,1,297.64,1,257,297.64,0.003875968992248062
14472,73,8,1936.84,0,324,242.105,0.024615384615384615
14473,43,2,234.34,0,251,117.17,0.007936507936507936
14474,15,1,547.66,0,15,547.66,0.0625
14475,41,3,925.85,0,274,308.6166666666667,0.01090909090909091
14476,226,1,215.7,0,226,215.7,0.004405286343612335
14477,20,3,964.2,1,266,321.40000000000003,0.011235955056179775
14479,223,2,316.25,0,334,158.125,0.005970149253731343
14481,134,2,636.51,0,256,318.255,0.007782101167315175
14482,3,4,1429.63,1,208,357.4075,0.019138755980861243
14483,251,1,137.1,0,251,137.1,0.003968253968253968
14484,19,1,321.92,0,19,321.92,0.05
14485,8,1,165.75,0,8,165.75,0.1111111111111111
14487,10,5,1044.14,1,337,208.82800000000003,0.014792899408284023
14488,37,1,1064.28,0,37,1064.28,0.02631578947368421
14489,176,1,463.38,0,176,463.38,0.005649717514124294
14491,144,2,340.93,0,342,170.465,0.0058309037900874635
14493,16,2,1010.72,1,124,505.36,0.016
14495,20,2,123.80000000000001,0,90,61.900000000000006,0.02197802197802198
14496,281,2,538.8100000000001,0,342,269.40500000000003,0.0058309037900874635
14497,278,1,475.37,0,278,475.37,0.0035842293906810036
14498,12,5,1957.32,0,331,391.464,0.015060240963855422
14499,103,2,370.96000000000004,1,248,185.48000000000002,0.008032128514056224
14500,57,3,356.85,0,159,118.95,0.01875
14501,153,2,251.21,0,289,125.605,0.006896551724137931
14502,2,10,2119.54,1,282,211.954,0.0353356890459364
14503,39,2,1284.45,1,148,642.225,0.013422818791946308
14504,16,4,673.26,0,247,168.315,0.016129032258064516
14505,7,7,5210.45,1,331,744.35,0.02108433734939759
14506,35,4,1515.25,1,338,378.8125,0.011799410029498525
14507,9,5,1145.58,1,245,229.11599999999999,0.02032520325203252
14508,59,1,137.56,1,59,137.56,0.016666666666666666
14511,2,4,1013.49,1,103,253.3725,0.038461538461538464
14512,157,2,275.28,0,201,137.64,0.009900990099009901
14513,70,3,455.59000000000003,0,258,151.86333333333334,0.011583011583011582
14514,30,3,1055.35,0,300,351.7833333333333,0.009966777408637873
14515,36,3,1349.07,1,188,449.69,0.015873015873015872
14517,2,2,330.45,0,111,165.225,0.017857142857142856
14518,33,1,174.37,0,33,174.37,0.029411764705882353
14520,260,1,165.0,1,260,165.0,0.0038314176245210726
14522,41,3,831.5,1,167,277.1666666666667,0.017857142857142856
14523,77,1,241.09,0,77,241.09,0.01282051282051282
14524,1,9,1867.68,0,330,207.52,0.027190332326283987
14525,12,8,3335.58,1,330,416.9475,0.02416918429003021
14527,1,49,6971.04,1,338,142.2661224489796,0.14454277286135694
14528,6,1,364.21999999999997,0,6,364.21999999999997,0.14285714285714285
14529,29,3,620.04,0,79,206.67999999999998,0.0375
14530,62,5,2546.12,1,266,509.224,0.018726591760299626
14532,205,4,932.85,0,321,233.2125,0.012422360248447204
14533,29,6,1797.06,1,322,299.51,0.018575851393188854
14534,35,15,3781.06,1,288,252.07066666666665,0.05190311418685121
14535,29,3,2864.19,0,217,954.73,0.013761467889908258
14536,229,1,171.8,0,229,171.8,0.004347826086956522
14537,27,1,355.56,0,27,355.56,0.03571428571428571
14538,34,2,388.25,0,225,194.125,0.008849557522123894
14539,14,1,72.13,1,14,72.13,0.06666666666666667
14540,45,2,681.53,1,278,340.765,0.007168458781362007
14541,28,8,1461.65,0,288,182.70625,0.02768166089965398
14542,155,1,103.25,0,155,103.25,0.00641025641025641
14543,43,14,3301.75,1,334,235.83928571428572,0.041791044776119404
14544,330,1,1121.92,1,330,1121.92,0.0030211480362537764
14546,10,4,2078.1,1,218,519.525,0.0182648401826484
14547,2,2,968.3,1,23,484.15,0.08333333333333333
14548,120,2,652.8,0,287,326.4,0.006944444444444444
14549,280,1,289.24,0,280,289.24,0.0035587188612099642
14550,14,1,340.79,1,14,340.79,0.06666666666666667
14551,173,1,125.43,1,173,125.43,0.005747126436781609
14552,121,1,165.07,0,121,165.07,0.00819672131147541
14553,2,4,717.79,1,308,179.4475,0.012944983818770227
14554,21,1,351.83,1,21,351.83,0.045454545454545456
14555,26,2,324.14,0,271,162.07,0.007352941176470588
14557,54,1,788.38,0,54,788.38,0.01818181818181818
14560,0,19,2039.29,1,327,107.33105263157894,0.057926829268292686
14561,45,3,1080.76,0,153,360.25333333333333,0.01948051948051948
14562,7,13,3842.0,1,273,295.53846153846155,0.04744525547445255
14565,65,4,3099.12,0,330,774.78,0.012084592145015106
14566,80,1,1432.0,0,80,1432.0,0.012345679012345678
14567,26,2,1530.3600000000001,0,99,765.1800000000001,0.02
14570,250,2,218.06,0,250,109.03,0.00796812749003984
14572,9,6,2697.79,1,293,449.63166666666666,0.02040816326530612
14573,149,9,1653.42,0,341,183.71333333333334,0.02631578947368421
14576,341,1,35.400000000000006,0,341,35.400000000000006,0.0029239766081871343
14577,133,3,646.64,1,332,215.54666666666665,0.009009009009009009
14582,10,1,114.11,0,10,114.11,0.09090909090909091
14583,113,4,787.64,1,175,196.91,0.022727272727272728
14584,138,4,1042.26,0,167,260.565,0.023809523809523808
14585,19,1,157.05,0,19,157.05,0.05
14586,246,1,237.35999999999999,0,246,237.35999999999999,0.004048582995951417
14587,153,8,1473.53,1,300,184.19125,0.026578073089700997
14589,341,1,39.75,0,341,39.75,0.0029239766081871343
14591,182,1,250.22,1,182,250.22,0.00546448087431694
14592,4,3,570.46,0,33,190.15333333333334,0.08823529411764706
14593,168,2,339.59,1,168,169.795,0.011834319526627219
14594,342,1,255.0,1,342,255.0,0.0029154518950437317
14595,25,4,1533.07,1,282,383.2675,0.014134275618374558
14597,161,1,165.1,1,161,165.1,0.006172839506172839
14598,13,1,221.97,0,13,221.97,0.07142857142857142
14600,275,1,393.33000000000004,0,275,393.33000000000004,0.0036231884057971015
14603,244,1,660.0,0,244,660.0,0.004081632653061225
14606,1,84,10893.98,1,342,129.6902380952381,0.24489795918367346
14607,5,11,13450.2,1,230,1222.7454545454545,0.047619047619047616
14608,55,2,790.95,1,331,395.475,0.006024096385542169
14609,41,4,601.56,0,266,150.39,0.0149812734082397
14616,212,3,406.08000000000004,0,287,135.36,0.010416666666666666
14618,307,1,211.8,1,307,211.8,0.003246753246753247
14619,215,1,394.44,0,215,394.44,0.004629629629629629
14620,175,2,412.78000000000003,0,253,206.39000000000001,0.007874015748031496
14621,126,3,1002.9100000000001,1,327,334.30333333333334,0.009146341463414634
14622,154,1,320.58000000000004,0,154,320.58000000000004,0.0064516129032258064
14623,1,5,889.25,0,204,177.85,0.024390243902439025
14624,26,2,225.85,0,28,112.925,0.06896551724137931
14625,165,2,899.63,0,330,449.815,0.006042296072507553
14626,34,3,2182.2,1,202,727.4,0.014778325123152709
14628,60,2,671.96,0,211,335.98,0.009433962264150943
14629,16,1,604.83,1,16,604.83,0.058823529411764705
14631,20,3,1006.98,0,268,335.66,0.011152416356877323
14632,232,1,114.56,0,232,114.56,0.004291845493562232
14633,235,1,344.90000000000003,0,235,344.90000000000003,0.00423728813559322
14636,5,2,609.85,0,238,304.925,0.008368200836820083
14638,20,1,443.6,0,20,443.6,0.047619047619047616
14639,21,6,2984.4900000000002,0,330,497.415,0.01812688821752266
14640,28,5,1807.13,1,197,361.42600000000004,0.025252525252525252
14642,28,1,96.12,0,28,96.12,0.034482758620689655
14643,139,2,693.8100000000001,0,327,346.90500000000003,0.006097560975609756
14644,37,2,830.76,0,267,415.38,0.007462686567164179
14645,126,2,597.09,0,245,298.545,0.008130081300813009
14646,6,61,247589.5,1,324,4058.844262295082,0.18769230769230769
14647,170,1,243.22,0,170,243.22,0.005847953216374269
14649,41,3,903.3,1,181,301.09999999999997,0.016483516483516484
14651,36,2,654.6,0,180,327.3,0.011049723756906077
14652,46,1,114.18,0,46,114.18,0.02127659574468085
14653,1,4,1240.22,1,307,310.055,0.012987012987012988
14655,40,2,1211.17,1,191,605.585,0.010416666666666666
14656,138,2,291.05,0,252,145.525,0.007905138339920948
14657,124,3,638.94,1,295,212.98000000000002,0.010135135135135136
14658,86,1,123.14,1,86,123.14,0.011494252873563218
14659,5,8,2380.53,1,285,297.56625,0.027972027972027972
14660,56,2,285.74,0,70,142.87,0.028169014084507043
14662,204,3,524.86,1,285,174.95333333333335,0.01048951048951049
14664,2,1,389.04,1,2,389.04,0.3333333333333333
14665,30,5,1835.7,0,280,367.14,0.017793594306049824
14667,0,22,8138.03,1,337,369.9104545454545,0.0650887573964497
14669,211,3,1269.99,0,302,423.33,0.009900990099009901
14670,249,2,411.53,0,249,205.765,0.008
14672,204,2,765.5500000000001,0,305,382.77500000000003,0.006535947712418301
14673,7,2,678.1700000000001,1,337,339.08500000000004,0.005917159763313609
14676,0,6,2548.2400000000002,0,252,424.7066666666667,0.023715415019762844
14680,41,15,27586.51,1,341,1839.1006666666665,0.043859649122807015
14681,40,3,498.95,0,181,166.31666666666666,0.016483516483516484
14682,157,2,52.0,0,170,26.0,0.011695906432748537
14684,9,4,923.15,1,332,230.7875,0.012012012012012012
14687,76,1,628.38,0,76,628.38,0.012987012987012988
14688,9,19,4971.0,1,343,261.63157894736844,0.055232558139534885
14689,178,1,112.80000000000001,0,178,112.80000000000001,0.00558659217877095
14690,13,2,371.7,0,121,185.85,0.01639344262295082
14691,0,5,2114.33,0,182,422.866,0.0273224043715847
14692,106,4,591.55,0,291,147.8875,0.0136986301369863
14693,233,1,172.9,0,233,172.9,0.004273504273504274
14696,40,6,1778.41,1,342,296.4016666666667,0.01749271137026239
14697,187,2,188.61,0,187,94.305,0.010638297872340425
14698,17,2,617.77,1,20,308.885,0.09523809523809523
14699,183,1,109.13000000000001,0,183,109.13000000000001,0.005434782608695652
14700,1,3,2235.3,0,207,745.1,0.014423076923076924
14701,142,7,1958.28,1,286,279.7542857142857,0.024390243902439025
14702,2,14,2833.16,1,334,202.3685714285714,0.041791044776119404
14704,8,6,1134.86,1,149,189.14333333333332,0.04
14705,168,1,179.0,0,168,179.0,0.005917159763313609
14708,123,2,701.1800000000001,1,338,350.59000000000003,0.0058997050147492625
14709,0,12,4609.04,1,327,384.08666666666664,0.036585365853658534
14710,9,2,319.23,1,28,159.615,0.06896551724137931
14711,60,9,2365.42,1,231,262.82444444444445,0.03879310344827586
14712,44,2,421.47,1,81,210.735,0.024390243902439025
14713,68,9,2029.61,1,334,225.51222222222222,0.026865671641791045
14715,64,3,594.75,1,300,198.25,0.009966777408637873
14716,12,2,329.68,0,118,164.84,0.01680672268907563
14719,30,3,805.34,1,218,268.44666666666666,0.0136986301369863
14720,58,2,401.13,1,96,200.565,0.020618556701030927
14722,116,1,187.92,0,116,187.92,0.008547008547008548
14723,5,5,836.23,1,340,167.246,0.01466275659824047
14727,243,1,268.58,0,243,268.58,0.004098360655737705
14729,343,1,313.49,0,343,313.49,0.0029069767441860465
14730,34,7,1760.13,1,246,251.44714285714286,0.02834008097165992
14731,16,3,380.02,0,181,126.67333333333333,0.016483516483516484
14732,0,7,2238.38,1,308,319.7685714285714,0.022653721682847898
14733,80,11,9044.2,1,337,822.2,0.03254437869822485
14735,51,26,4347.25,1,327,167.20192307692307,0.07926829268292683
14737,98,2,1081.75,1,322,540.875,0.006191950464396285
14738,12,7,1314.45,0,285,187.77857142857144,0.024475524475524476
14739,35,5,2857.36,1,336,571.472,0.01483679525222552
14740,166,3,1448.21,0,253,482.7366666666667,0.011811023622047244
14741,23,5,1168.39,1,342,233.67800000000003,0.014577259475218658
14744,29,6,1011.78,1,336,168.63,0.017804154302670624
14745,82,5,1220.26,0,254,244.052,0.0196078431372549
14747,218,1,328.2,0,218,328.2,0.0045662100456621
14748,93,4,1118.77,1,338,279.6925,0.011799410029498525
14752,13,1,389.64000000000004,0,13,389.64000000000004,0.07142857142857142
14753,56,1,563.15,0,56,563.15,0.017543859649122806
14754,14,2,638.05,0,265,319.025,0.007518796992481203
14755,9,9,3615.19,1,303,401.6877777777778,0.029605263157894735
14757,44,1,420.5,0,44,420.5,0.022222222222222223
14758,114,4,1484.06,0,229,371.015,0.017391304347826087
14759,82,2,870.85,1,202,435.425,0.009852216748768473
14760,266,1,89.2,0,266,89.2,0.003745318352059925
14761,28,2,255.9,0,304,127.95,0.006557377049180328
14762,233,1,300.52,0,233,300.52,0.004273504273504274
14764,16,1,278.3,0,16,278.3,0.058823529411764705
14765,81,2,95.5,1,145,47.75,0.0136986301369863
14766,50,5,2050.85,1,335,410.16999999999996,0.01488095238095238
14768,96,1,133.20000000000002,1,96,133.20000000000002,0.010309278350515464
14769,51,7,10332.78,1,327,1476.1114285714286,0.021341463414634148
14770,201,2,876.4200000000001,0,292,438.21000000000004,0.006825938566552901
14772,81,1,139.26,0,81,139.26,0.012195121951219513
14775,27,3,1011.9,0,341,337.3,0.008771929824561403
14776,20,11,2538.2999999999997,0,281,230.75454545454542,0.03900709219858156
14778,96,2,730.86,0,278,365.43,0.007168458781362007
14779,250,3,386.15,0,293,128.71666666666667,0.01020408163265306
14780,24,2,447.68,0,48,223.84,0.04081632653061224
14782,289,1,200.10000000000002,0,289,200.10000000000002,0.0034482758620689655
14784,293,1,114.68,1,293,114.68,0.003401360544217687
14790,89,2,364.04,1,223,182.02,0.008928571428571428
14792,33,1,6.2,0,33,6.2,0.029411764705882353
14794,0,5,826.69,1,303,165.33800000000002,0.01644736842105263
14795,135,1,131.45000000000002,0,135,131.45000000000002,0.007352941176470588
14796,26,15,7193.4800000000005,1,336,479.56533333333334,0.04451038575667656
14798,22,3,173.74,0,279,57.913333333333334,0.010714285714285714
14799,20,1,157.7,0,20,157.7,0.047619047619047616
14800,17,12,4339.74,0,339,361.645,0.03529411764705882
14801,30,1,193.14,0,30,193.14,0.03225806451612903
14803,131,3,845.5500000000001,0,261,281.85,0.011450381679389313
14805,22,2,253.9,1,283,126.95,0.007042253521126761
14806,44,1,193.39000000000001,0,44,193.39000000000001,0.022222222222222223
14808,9,8,2741.17,0,141,342.64625,0.056338028169014086
14810,10,11,2087.88,0,339,189.80727272727273,0.03235294117647059
14813,339,2,155.43,0,339,77.715,0.0058823529411764705
14815,6,2,778.5,0,37,389.25,0.05263157894736842
14816,166,1,271.85,0,166,271.85,0.005988023952095809
14817,169,2,1110.34,0,246,555.17,0.008097165991902834
14818,43,3,657.8,0,223,219.26666666666665,0.013392857142857142
14819,33,2,272.07,0,161,136.035,0.012345679012345678
14820,3,3,381.29,1,142,127.09666666666668,0.02097902097902098
14821,336,1,48.800000000000004,0,336,48.800000000000004,0.002967359050445104
14823,149,3,321.43,0,164,107.14333333333333,0.01818181818181818
14824,2,3,811.01,1,60,270.33666666666664,0.04918032786885246
14825,32,9,1650.8100000000002,1,338,183.42333333333335,0.02654867256637168
14828,166,3,2139.76,0,306,713.2533333333334,0.009771986970684038
14829,153,3,531.63,1,341,177.21,0.008771929824561403
14830,22,1,197.13,0,22,197.13,0.043478260869565216
14834,27,4,1195.14,1,209,298.785,0.01904761904761905
14837,59,4,1649.5,0,171,412.375,0.023255813953488372
14840,237,1,62.85,0,237,62.85,0.004201680672268907
14841,22,6,3295.76,0,328,549.2933333333334,0.0182370820668693
14842,13,4,2824.69,0,277,706.1725,0.014388489208633094
14844,33,4,3189.81,0,210,797.4525,0.018957345971563982
14847,118,1,309.40000000000003,0,118,309.40000000000003,0.008403361344537815
14849,6,23,7127.62,1,343,309.89652173913043,0.06686046511627906
14850,281,1,325.75,0,281,325.75,0.0035460992907801418
14851,225,1,206.13,1,225,206.13,0.004424778761061947
14852,27,6,2836.69,0,221,472.7816666666667,0.02702702702702703
14853,180,1,214.5,1,180,214.5,0.0055248618784530384
14854,47,7,2759.83,0,244,394.26142857142855,0.02857142857142857
14855,88,2,645.65,0,104,322.825,0.01904761904761905
14856,5,3,1311.38,0,26,437.1266666666667,0.1111111111111111
14857,29,2,1173.1200000000001,0,117,586.5600000000001,0.01694915254237288
14859,49,2,927.12,1,173,463.56,0.011494252873563218
14861,21,1,125.79,0,21,125.79,0.045454545454545456
14862,118,1,304.1,1,118,304.1,0.008403361344537815
14865,341,1,37.2,1,341,37.2,0.0029239766081871343
14866,8,10,13855.34,1,335,1385.534,0.02976190476190476
14867,155,3,710.28,0,305,236.76,0.00980392156862745
14868,2,6,2193.36,1,202,365.56,0.029556650246305417
14869,72,1,391.31,1,72,391.31,0.0136986301369863
14870,231,1,327.25,0,231,327.25,0.004310344827586207
14871,147,3,354.75,1,330,118.25,0.00906344410876133
14873,179,1,519.68,0,179,519.68,0.005555555555555556
14875,77,2,1465.32,0,232,732.66,0.008583690987124463
14878,5,8,1336.69,1,328,167.08625,0.0243161094224924
14880,46,3,706.19,0,258,235.39666666666668,0.011583011583011582
14882,3,1,247.9,1,3,247.9,0.25
14883,9,5,666.0699999999999,1,181,133.214,0.027472527472527472
14885,101,1,765.3199999999999,0,101,765.3199999999999,0.00980392156862745
14886,222,1,364.8,0,222,364.8,0.004484304932735426
14887,48,1,1862.0,0,48,1862.0,0.02040816326530612
14888,176,1,369.2,0,176,369.2,0.005649717514124294
14889,305,1,135.9,0,305,135.9,0.0032679738562091504
14890,223,1,125.65,0,223,125.65,0.004464285714285714
14891,117,2,554.38,0,157,277.19,0.012658227848101266
14894,54,1,655.75,0,54,655.75,0.01818181818181818
14895,9,16,9442.17,1,259,590.135625,0.06153846153846154
14896,174,2,468.77000000000004,0,335,234.38500000000002,0.005952380952380952
14897,22,3,746.32,1,266,248.77333333333334,0.011235955056179775
14898,103,5,1011.3,1,340,202.26,0.01466275659824047
14901,1,8,1226.47,1,342,153.30875,0.023323615160349854
14903,94,4,2411.82,1,248,602.955,0.01606425702811245
14905,127,2,616.15,0,203,308.075,0.00980392156862745
14907,68,5,2608.1800000000003,1,337,521.6360000000001,0.014792899408284023
14908,43,1,277.8,0,43,277.8,0.022727272727272728
14910,1,2,316.05,1,24,158.025,0.08
14911,1,163,116932.36,1,342,717.3764417177914,0.4752186588921283
14912,216,1,482.79,1,216,482.79,0.004608294930875576
14913,5,4,1227.43,0,328,306.8575,0.0121580547112462
14915,60,2,307.48,0,247,153.74,0.008064516129032258
14916,40,4,1268.98,0,293,317.245,0.013605442176870748
14918,85,2,1610.15,0,123,805.075,0.016129032258064516
14920,182,2,977.77,0,182,488.885,0.01092896174863388
14921,170,1,903.01,1,170,903.01,0.005847953216374269
14923,20,1,749.1,0,20,749.1,0.047619047619047616
14924,215,1,310.05,0,215,310.05,0.004629629629629629
14929,1,1,223.88,0,1,223.88,0.5
14930,78,3,2372.86,0,243,790.9533333333334,0.012295081967213115
14931,44,3,847.65,1,210,282.55,0.014218009478672985
14932,335,1,363.53,0,335,363.53,0.002976190476190476
14934,51,2,1890.94,0,252,945.47,0.007905138339920948
14935,266,1,1784.71,0,266,1784.71,0.003745318352059925
14936,3,8,8137.02,0,245,1017.1275,0.032520325203252036
14937,26,3,1621.88,0,99,540.6266666666667,0.03
14944,46,9,4922.51,1,266,546.9455555555555,0.033707865168539325
14947,41,2,290.82,0,100,145.41,0.019801980198019802
14948,40,5,834.27,1,188,166.85399999999998,0.026455026455026454
14951,48,1,311.69,0,48,311.69,0.02040816326530612
14952,29,11,8099.49,0,334,736.3172727272727,0.03283582089552239
14957,222,1,58.49,0,222,58.49,0.004484304932735426
14958,116,3,499.68,0,215,166.56,0.013888888888888888
14959,33,4,695.42,0,265,173.855,0.015037593984962405
14960,140,1,88.3,1,140,88.3,0.0070921985815602835
14961,50,8,5899.93,1,330,737.49125,0.02416918429003021
14962,240,1,126.7,0,240,126.7,0.004149377593360996
14963,3,3,918.74,1,153,306.24666666666667,0.01948051948051948
14964,216,1,206.21,0,216,206.21,0.004608294930875576
14965,65,2,599.0,0,65,299.5,0.030303030303030304
14967,19,1,463.8,0,19,463.8,0.05
14970,37,4,1592.06,0,286,398.015,0.013937282229965157
14971,4,3,1116.57,0,12,372.19,0.23076923076923078
14972,97,1,114.77,0,97,114.77,0.01020408163265306
14973,76,3,1314.45,0,195,438.15000000000003,0.015306122448979591
14974,6,1,114.39,0,6,114.39,0.14285714285714285
14975,26,1,279.94,0,26,279.94,0.037037037037037035
14976,26,7,790.86,0,296,112.98,0.02356902356902357
14978,41,5,1931.42,0,300,386.284,0.016611295681063124
14981,215,1,102.12,0,215,102.12,0.004629629629629629
14984,150,1,110.17999999999999,1,150,110.17999999999999,0.006622516556291391
14985,167,2,296.75,0,327,148.375,0.006097560975609756
14987,335,1,163.2,1,335,163.2,0.002976190476190476
14988,181,1,334.54,0,181,334.54,0.005494505494505495
14995,8,2,233.23000000000002,0,249,116.61500000000001,0.008
14997,15,3,546.1999999999999,0,147,182.06666666666663,0.02027027027027027
14998,139,2,429.87,0,210,214.935,0.009478672985781991
15000,17,1,490.52,0,17,490.52,0.05555555555555555
15002,85,4,1641.76,0,336,410.44,0.011869436201780416
15004,116,1,1246.32,0,116,1246.32,0.008547008547008548
15005,1,26,5787.4,1,335,222.59230769230768,0.07738095238095238
15006,20,1,502.09,0,20,502.09,0.047619047619047616
15007,128,1,156.91,0,128,156.91,0.007751937984496124
15010,5,1,308.94,0,5,308.94,0.16666666666666666
15012,23,2,423.04,0,343,211.52,0.005813953488372093
15014,12,2,260.17,0,145,130.085,0.0136986301369863
15016,142,1,170.04,0,142,170.04,0.006993006993006993
15017,3,1,125.58,0,3,125.58,0.25
15018,8,3,496.21,0,337,165.40333333333334,0.008875739644970414
15019,236,1,266.0,0,236,266.0,0.004219409282700422
15021,55,6,1428.41,1,336,238.06833333333336,0.017804154302670624
15022,16,1,353.23,1,16,353.23,0.058823529411764705
15023,8,10,6111.12,1,338,611.112,0.029498525073746312
15024,29,7,1067.73,1,336,152.53285714285715,0.020771513353115726
15025,2,1,377.01,0,2,377.01,0.3333333333333333
15026,49,3,469.0,0,246,156.33333333333334,0.012145748987854251
15027,0,4,1066.15,0,207,266.5375,0.019230769230769232
15028,12,3,512.43,1,338,170.80999999999997,0.008849557522123894
15030,41,2,518.28,0,237,259.14,0.008403361344537815
15031,79,2,261.79,1,251,130.895,0.007936507936507936
15032,225,3,4959.1,0,335,1653.0333333333335,0.008928571428571428
15033,8,8,2137.44,1,298,267.18,0.026755852842809364
15034,39,6,3298.86,1,323,549.8100000000001,0.018518518518518517
15035,59,1,252.73000000000002,0,59,252.73000000000002,0.016666666666666666
15036,41,3,465.55,0,149,155.18333333333334,0.02
15038,28,6,705.49,0,339,117.58166666666666,0.01764705882352941
15039,1,44,19486.44,1,338,442.8736363636363,0.12979351032448377
15041,139,1,180.35,0,139,180.35,0.007142857142857143
15042,168,1,135.93,0,168,135.93,0.005917159763313609
15043,0,1,537.0,0,0,537.0,1.0
15044,8,16,6833.26,1,331,427.07875,0.04819277108433735
15045,121,2,735.66,0,227,367.83,0.008771929824561403
15046,15,13,4444.88,1,307,341.9138461538462,0.04220779220779221
15047,239,1,343.62,0,239,343.62,0.004166666666666667
15048,34,4,384.05,0,338,96.0125,0.011799410029498525
15049,243,1,121.17000000000002,0,243,121.17000000000002,0.004098360655737705
15050,40,2,1323.18,1,40,661.59,0.04878048780487805
15051,18,2,1145.93,1,119,572.965,0.016666666666666666
15052,288,1,215.78,0,288,215.78,0.0034602076124567475
15053,125,2,478.6,1,251,239.3,0.007936507936507936
15054,9,1,168.42,1,9,168.42,0.1
15057,244,2,1489.5,0,285,744.75,0.006993006993006993
15058,19,9,1644.04,1,281,182.67111111111112,0.031914893617021274
15059,10,9,1337.72,0,304,148.63555555555556,0.029508196721311476
15061,4,45,46967.48,1,341,1043.7217777777778,0.13157894736842105
15062,40,4,987.86,0,328,246.965,0.0121580547112462
15063,182,1,370.79999999999995,0,182,370.79999999999995,0.00546448087431694
15065,7,4,3158.13,0,260,789.5325,0.01532567049808429
15066,22,1,893.59,0,22,893.59,0.043478260869565216
15067,47,3,1744.76,0,252,581.5866666666667,0.011857707509881422
15068,15,2,553.36,0,225,276.68,0.008849557522123894
15069,148,1,1109.53,0,148,1109.53,0.006711409395973154
15070,342,1,106.2,0,342,106.2,0.0029154518950437317
15071,63,2,982.07,0,245,491.035,0.008130081300813009
15073,155,2,861.96,1,156,430.98,0.012738853503184714
15074,74,1,748.87,0,74,748.87,0.013333333333333334
15075,47,1,773.03,0,47,773.03,0.020833333333333332
15076,142,1,880.85,0,142,880.85,0.006993006993006993
15078,3,28,8612.470000000001,1,338,307.58821428571434,0.08259587020648967
15079,182,4,895.61,0,335,223.9025,0.011904761904761904
15081,35,4,416.55,1,336,104.1375,0.011869436201780416
15083,226,1,88.2,0,226,88.2,0.004405286343612335
15087,251,1,306.94,0,251,306.94,0.003968253968253968
15088,36,1,864.19,1,36,864.19,0.02702702702702703
15089,14,4,2182.93,1,97,545.7325,0.04081632653061224
15090,277,1,381.32,0,277,381.32,0.0035971223021582736
15091,37,1,480.71,0,37,480.71,0.02631578947368421
15092,184,2,457.81,0,253,228.905,0.007874015748031496
15093,86,5,4027.1,1,341,805.42,0.014619883040935672
15095,73,4,1370.6000000000001,0,172,342.65000000000003,0.023121387283236993
15096,12,1,219.39000000000001,0,12,219.39000000000001,0.07692307692307693
15098,151,3,39916.5,0,151,13305.5,0.019736842105263157
15099,53,1,410.48,0,53,410.48,0.018518518518518517
15100,303,3,876.0,0,343,292.0,0.00872093023255814
15101,328,1,102.28,1,328,102.28,0.00303951367781155
15103,0,2,703.36,0,55,351.68,0.03571428571428571
15104,166,2,1027.44,0,251,513.72,0.007936507936507936
15105,36,4,1717.57,1,104,429.3925,0.0380952380952381
15106,34,4,1302.46,1,238,325.615,0.016736401673640166
15107,280,6,319.5,0,341,53.25,0.017543859649122806
15108,111,4,1300.25,0,197,325.0625,0.020202020202020204
15109,215,1,484.95,0,215,484.95,0.004629629629629629
15110,14,3,680.4,1,288,226.79999999999998,0.010380622837370242
15111,36,2,1237.8,1,342,618.9,0.0058309037900874635
15113,23,1,2242.69,1,23,2242.69,0.041666666666666664
15114,40,9,2252.28,1,271,250.25333333333336,0.03308823529411765
15116,27,3,1202.75,1,174,400.9166666666667,0.017142857142857144
15117,19,3,1202.03,1,185,400.6766666666667,0.016129032258064516
15118,103,1,244.8,0,103,244.8,0.009615384615384616
15119,215,1,266.4,0,215,266.4,0.004629629629629629
15120,103,1,358.82,0,103,358.82,0.009615384615384616
15121,19,2,457.72,0,258,228.86,0.007722007722007722
15122,83,3,1633.78,0,267,544.5933333333334,0.011194029850746268
15123,175,1,1069.47,1,175,1069.47,0.005681818181818182
15124,161,1,90.75,1,161,90.75,0.006172839506172839
15125,30,14,11170.48,1,240,797.8914285714285,0.058091286307053944
15127,35,1,406.53000000000003,0,35,406.53000000000003,0.027777777777777776
15128,29,4,1471.0,0,189,367.75,0.021052631578947368
15129,19,11,3447.4,0,261,313.40000000000003,0.04198473282442748
15130,139,1,330.11,0,139,330.11,0.007142857142857143
15132,25,4,948.4300000000001,1,232,237.10750000000002,0.017167381974248927
15133,97,3,982.42,0,271,327.4733333333333,0.011029411764705883
15134,0,7,1236.6100000000001,1,210,176.65857142857143,0.03317535545023697
15135,208,1,139.05,0,208,139.05,0.004784688995215311
15136,65,1,582.9,1,65,582.9,0.015151515151515152
15139,209,2,178.96,0,306,89.48,0.006514657980456026
15140,21,7,2354.25,0,233,336.32142857142856,0.029914529914529916
15142,15,1,498.74,0,15,498.74,0.0625
15143,195,1,259.45,0,195,259.45,0.00510204081632653
15144,12,15,5358.3,1,281,357.22,0.05319148936170213
15145,13,3,1036.37,1,217,345.45666666666665,0.013761467889908258
15146,134,2,1327.16,0,260,663.58,0.007662835249042145
15147,209,1,623.5,0,209,623.5,0.004761904761904762
15149,103,1,520.8000000000001,0,103,520.8000000000001,0.009615384615384616
15150,2,9,5021.88,1,238,557.9866666666667,0.03765690376569038
15152,18,9,3328.54,1,156,369.8377777777778,0.05732484076433121
15153,0,1,329.25,0,0,329.25,1.0
15154,44,1,296.42,0,44,296.42,0.022222222222222223
15156,3,1,317.8,1,3,317.8,0.25
15157,123,2,1505.37,1,327,752.685,0.006097560975609756
15158,14,1,401.40000000000003,0,14,401.40000000000003,0.06666666666666667
15159,19,25,14542.02,1,330,581.6808,0.0755287009063444
15160,326,1,158.16,0,326,158.16,0.0030581039755351682
15163,161,1,155.0,1,161,155.0,0.006172839506172839
15164,38,3,843.05,0,308,281.01666666666665,0.009708737864077669
15165,342,1,487.75,0,342,487.75,0.0029154518950437317
15167,290,1,163.0,0,290,163.0,0.003436426116838488
15171,300,1,1289.5,0,300,1289.5,0.0033222591362126247
15172,39,4,1247.95,1,206,311.9875,0.01932367149758454
15174,292,1,135.75,0,292,135.75,0.0034129692832764505
15175,41,1,224.14,0,41,224.14,0.023809523809523808
15178,229,1,40.5,0,229,40.5,0.004347826086956522
15179,23,4,1643.67,1,288,410.9175,0.01384083044982699
15180,336,1,87.5,0,336,87.5,0.002967359050445104
15181,35,3,689.48,0,239,229.82666666666668,0.0125
15182,123,2,622.85,0,238,311.425,0.008368200836820083
15184,160,1,235.23000000000002,1,160,235.23000000000002,0.006211180124223602
15185,39,1,310.62,0,39,310.62,0.025
15186,137,1,229.26000000000002,1,137,229.26000000000002,0.007246376811594203
15187,0,10,2993.06,1,181,299.306,0.054945054945054944
15189,0,35,13771.57,1,302,393.47342857142854,0.11551155115511551
15192,89,3,1044.32,0,334,348.1066666666666,0.008955223880597015
15193,30,1,499.32,0,30,499.32,0.03225806451612903
15194,1,14,6909.89,1,337,493.56357142857144,0.04142011834319527
15197,222,2,773.25,1,327,386.625,0.006097560975609756
15198,61,2,193.64,0,93,96.82,0.02127659574468085
15199,28,4,1268.7,0,277,317.175,0.014388489208633094
15201,56,5,1236.54,0,216,247.308,0.02304147465437788
15203,49,5,1517.72,1,281,303.544,0.01773049645390071
15204,326,1,316.58,0,326,316.58,0.0030581039755351682
15205,54,2,653.24,0,96,326.62,0.020618556701030927
15206,69,3,236.70000000000002,1,245,78.9,0.012195121951219513
15208,0,4,662.52,1,322,165.63,0.01238390092879257
15210,194,1,331.18,0,194,331.18,0.005128205128205128
15211,29,2,894.4100000000001,0,334,447.20500000000004,0.005970149253731343
15212,210,1,101.8,0,210,101.8,0.004739336492890996
15213,288,2,328.35,0,299,164.175,0.006666666666666667
15214,8,5,1244.55,1,212,248.91,0.023474178403755867
15215,16,3,734.94,0,66,244.98000000000002,0.04477611940298507
15216,57,1,96.6,0,57,96.6,0.017241379310344827
15218,23,10,4949.21,1,288,494.921,0.03460207612456748
15219,145,1,305.75,0,145,305.75,0.00684931506849315
15220,21,6,1778.96,0,250,296.49333333333334,0.02390438247011952
15221,335,1,403.25,0,335,403.25,0.002976190476190476
15222,288,1,585.0,0,288,585.0,0.0034602076124567475
15223,195,2,755.75,0,219,377.875,0.00909090909090909
15224,327,2,322.08,0,332,161.04,0.006006006006006006
15225,203,1,409.40000000000003,0,203,409.40000000000003,0.004901960784313725
15226,280,1,154.41,0,280,154.41,0.0035587188612099642
15227,6,5,1219.4,0,286,243.88000000000002,0.017421602787456445
15228,35,4,3386.71,0,264,846.6775,0.01509433962264151
15230,208,2,429.6,0,210,214.8,0.009478672985781991
15232,82,2,612.06,0,110,306.03,0.018018018018018018
15234,246,1,197.0,0,246,197.0,0.004048582995951417
15235,187,12,2247.51,0,342,187.29250000000002,0.03498542274052478
15236,268,1,321.05,0,268,321.05,0.0037174721189591076
15237,47,3,1328.72,1,196,442.9066666666667,0.015228426395939087
15238,64,2,772.78,1,153,386.39,0.012987012987012988
15239,48,1,461.79,1,48,461.79,0.02040816326530612
15240,14,5,1706.57,0,281,341.31399999999996,0.01773049645390071
15241,36,8,1756.44,0,253,219.555,0.031496062992125984
15243,43,1,316.68,0,43,316.68,0.022727272727272728
15244,34,2,631.57,0,217,315.785,0.009174311926605505
15245,103,3,2515.84,0,230,838.6133333333333,0.012987012987012988
15246,207,2,514.15,0,328,257.075,0.0060790273556231
15247,91,1,356.0,0,91,356.0,0.010869565217391304
15249,1,13,6688.46,0,226,514.496923076923,0.05726872246696035
15251,10,10,10121.11,1,211,1012.1110000000001,0.04716981132075472
15252,5,2,740.78,0,152,370.39,0.013071895424836602
15253,58,3,640.6,1,139,213.53333333333333,0.02142857142857143
15254,96,1,300.36,0,96,300.36,0.010309278350515464
15255,36,1,890.85,0,36,890.85,0.02702702702702703
15256,118,1,98.45,0,118,98.45,0.008403361344537815
15257,252,1,317.15,0,252,317.15,0.003952569169960474
15258,138,2,623.16,0,186,311.58,0.0106951871657754
15260,69,7,1810.77,0,342,258.68142857142857,0.02040816326530612
15261,104,1,254.82,0,104,254.82,0.009523809523809525
15262,293,1,178.95000000000002,0,293,178.95000000000002,0.003401360544217687
15263,76,1,156.51,0,76,156.51,0.012987012987012988
15264,33,1,393.74,0,33,393.74,0.029411764705882353
15265,120,2,1506.1200000000001,0,205,753.0600000000001,0.009708737864077669
15266,307,1,119.3,0,307,119.3,0.003246753246753247
15267,12,4,1587.76,1,152,396.94,0.026143790849673203
15270,87,5,1850.29,1,279,370.058,0.017857142857142856
15271,6,13,2131.85,1,334,163.98846153846154,0.03880597014925373
15272,26,2,721.94,0,55,360.97,0.03571428571428571
15275,7,1,615.14,0,7,615.14,0.125
15276,35,1,135.31,0,35,135.31,0.027777777777777776
15277,16,1,255.89999999999998,0,16,255.89999999999998,0.058823529411764705
15279,324,1,290.51,0,324,290.51,0.003076923076923077
15280,141,1,113.12,0,141,113.12,0.007042253521126761
15281,28,9,2332.15,0,302,259.1277777777778,0.0297029702970297
15286,19,1,240.55,0,19,240.55,0.05
15287,40,1,340.98,1,40,340.98,0.024390243902439025
15288,12,5,2306.52,0,334,461.304,0.014925373134328358
15289,107,2,697.98,1,219,348.99,0.00909090909090909
15290,0,15,6405.51,1,328,427.034,0.04559270516717325
15291,1,14,4350.18,1,343,310.7271428571429,0.040697674418604654
15292,170,1,180.94,0,170,180.94,0.005847953216374269
15296,20,6,3672.86,0,296,612.1433333333333,0.020202020202020204
15297,33,1,230.46,1,33,230.46,0.029411764705882353
15298,10,9,3834.52,1,335,426.0577777777778,0.026785714285714284
15299,36,7,4507.01,0,341,643.8585714285715,0.02046783625730994
15300,33,1,496.44,0,33,496.44,0.029411764705882353
15301,20,12,5070.35,0,338,422.5291666666667,0.035398230088495575
15303,259,1,574.02,0,259,574.02,0.0038461538461538464
15304,30,8,694.4,0,338,86.8,0.02359882005899705
15306,33,3,1174.3500000000001,0,117,391.45000000000005,0.025423728813559324
15307,65,1,205.3,0,65,205.3,0.015151515151515152
15308,243,1,310.47,0,243,310.47,0.004098360655737705
15311,4,80,52797.72,1,343,659.9715,0.23255813953488372
15312,44,4,924.85,0,323,231.2125,0.012345679012345678
15313,79,1,52.0,0,79,52.0,0.0125
15314,168,1,327.97,0,168,327.97,0.005917159763313609
15315,33,2,570.5,0,85,285.25,0.023255813953488372
15316,296,1,165.0,0,296,165.0,0.003367003367003367
15319,253,1,204.5,0,253,204.5,0.003937007874015748
15320,13,1,267.13,0,13,267.13,0.07142857142857142
15321,40,3,2748.31,0,261,916.1033333333334,0.011450381679389313
15322,55,1,679.68,0,55,679.68,0.017857142857142856
15325,73,1,162.29,0,73,162.29,0.013513513513513514
15326,303,1,311.71,0,303,311.71,0.003289473684210526
15327,22,1,208.75,0,22,208.75,0.043478260869565216
15329,8,3,1049.7,0,141,349.90000000000003,0.02112676056338028
15330,1,2,714.9599999999999,0,30,357.47999999999996,0.06451612903225806
15332,335,4,1661.06,0,339,415.265,0.011764705882352941
15333,177,1,1028.56,0,177,1028.56,0.0056179775280898875
15334,126,3,351.67,0,142,117.22333333333334,0.02097902097902098
15335,22,1,173.97,0,22,173.97,0.043478260869565216
15339,35,2,574.07,0,287,287.035,0.006944444444444444
15341,50,1,2020.52,0,50,2020.52,0.0196078431372549
15342,99,1,406.09000000000003,0,99,406.09000000000003,0.01
15343,56,1,364.5,0,56,364.5,0.017543859649122806
15344,1,2,460.64,1,43,230.32,0.045454545454545456
15345,15,1,393.54,0,15,393.54,0.0625
15346,302,1,252.42000000000002,0,302,252.42000000000002,0.0033003300330033004
15347,335,1,201.60000000000002,0,335,201.60000000000002,0.002976190476190476
15348,41,1,158.04,0,41,158.04,0.023809523809523808
15349,127,2,473.81,0,156,236.905,0.012738853503184714
15350,342,1,115.65,0,342,115.65,0.0029154518950437317
15351,2,6,1643.97,1,339,273.995,0.01764705882352941
15353,224,2,777.02,0,337,388.51,0.005917159763313609
15355,22,1,126.25,1,22,126.25,0.043478260869565216
15356,0,10,2766.5,0,337,276.65,0.029585798816568046
15358,4,20,7517.14,1,335,375.857,0.05952380952380952
15360,9,1,427.93,0,9,427.93,0.1
15361,331,1,418.92,0,331,418.92,0.0030120481927710845
15363,342,1,326.0,0,342,326.0,0.0029154518950437317
15364,65,2,913.19,0,223,456.595,0.008928571428571428
15365,51,4,1945.15,1,284,486.2875,0.014035087719298246
15366,44,2,602.51,0,327,301.255,0.006097560975609756
15367,26,4,1877.5900000000001,0,244,469.39750000000004,0.0163265306122449
15370,10,7,2386.05,0,302,340.86428571428576,0.0231023102310231
15372,106,1,2007.4,0,106,2007.4,0.009345794392523364
15373,85,9,1686.9,1,340,187.43333333333334,0.026392961876832845
15374,98,1,168.0,0,98,168.0,0.010101010101010102
15376,9,3,1233.3600000000001,0,191,411.12000000000006,0.015625
15379,138,7,3703.29,0,327,529.0414285714286,0.021341463414634148
15380,16,4,1304.96,1,334,326.24,0.011940298507462687
15381,183,2,596.85,0,237,298.425,0.008403361344537815
15382,54,5,4709.9,1,265,941.9799999999999,0.018796992481203006
15384,139,2,642.41,0,329,321.205,0.006060606060606061
15385,9,1,316.88,0,9,316.88,0.1
15386,155,1,394.14,0,155,394.14,0.00641025641025641
15388,239,1,140.54,0,239,140.54,0.004166666666666667
15389,141,1,500.0,0,141,500.0,0.007042253521126761
15392,58,2,665.46,1,329,332.73,0.006060606060606061
15393,250,1,124.10000000000001,1,250,124.10000000000001,0.00398406374501992
15394,47,3,1854.14,1,328,618.0466666666667,0.00911854103343465
15395,295,1,107.45,0,295,107.45,0.0033783783783783786
15396,82,1,288.18,0,82,288.18,0.012048192771084338
15397,259,1,94.0,0,259,94.0,0.0038461538461538464
15398,47,1,634.85,1,47,634.85,0.020833333333333332
15399,48,1,305.17,1,48,305.17,0.02040816326530612
15400,61,5,716.2,0,248,143.24,0.020080321285140562
15402,118,2,626.77,0,165,313.385,0.012048192771084338
15405,158,1,349.1,0,158,349.1,0.006289308176100629
15406,0,2,510.71000000000004,0,270,255.35500000000002,0.007380073800738007
15407,3,4,1056.44,0,274,264.11,0.014545454545454545
15408,233,1,267.18,0,233,267.18,0.004273504273504274
15410,53,8,3450.84,0,231,431.355,0.034482758620689655
15411,39,3,991.26,1,152,330.42,0.0196078431372549
15412,140,1,190.53,0,140,190.53,0.0070921985815602835
15414,6,2,421.50000000000006,1,211,210.75000000000003,0.009433962264150943
15415,282,1,572.8100000000001,0,282,572.8100000000001,0.0035335689045936395
15416,34,4,3984.32,0,252,996.08,0.015810276679841896
15417,54,1,508.8,0,54,508.8,0.01818181818181818
15421,28,4,950.36,0,279,237.59,0.014285714285714285
15422,292,2,97.7,0,292,48.85,0.006825938566552901
15423,7,1,43.5,0,7,43.5,0.125
15424,223,2,383.34,0,223,191.67,0.008928571428571428
15426,2,4,1001.23,1,338,250.3075,0.011799410029498525
15427,2,3,1483.14,0,16,494.38000000000005,0.17647058823529413
15429,44,1,243.06,1,44,243.06,0.022222222222222223
15433,183,2,533.3,0,236,266.65,0.008438818565400843
15434,1,4,890.58,1,169,222.645,0.023529411764705882
15436,16,2,859.32,1,203,429.66,0.00980392156862745
15437,231,1,200.16,0,231,200.16,0.004310344827586207
15438,100,1,156.57999999999998,0,100,156.57999999999998,0.009900990099009901
15440,24,3,383.68,0,178,127.89333333333333,0.01675977653631285
15442,218,1,594.0,0,218,594.0,0.0045662100456621
15443,14,4,1677.03,1,289,419.2575,0.013793103448275862
15444,9,1,342.9,1,9,342.9,0.1
15445,233,1,113.5,0,233,113.5,0.004273504273504274
15447,300,1,155.17000000000002,0,300,155.17000000000002,0.0033222591362126247
15448,282,1,494.64,0,282,494.64,0.0035335689045936395
15449,154,2,647.7,1,231,323.85,0.008620689655172414
15452,40,2,413.33000000000004,1,233,206.66500000000002,0.008547008547008548
15453,5,6,1253.09,1,157,208.84833333333333,0.0379746835443038
15454,331,1,179.1,0,331,179.1,0.0030120481927710845
15456,252,3,447.22,0,328,149.07333333333335,0.00911854103343465
15457,231,1,237.07,0,231,237.07,0.004310344827586207
15460,323,1,216.76,0,323,216.76,0.0030864197530864196
15462,63,3,234.6,0,156,78.2,0.01910828025477707
15464,307,1,1048.85,0,307,1048.85,0.003246753246753247
15465,31,17,6568.179999999999,1,339,386.36352941176466,0.05
15466,54,1,334.53,0,54,334.53,0.01818181818181818
15467,114,2,402.56,1,121,201.28,0.01639344262295082
15468,20,2,467.51,0,20,233.755,0.09523809523809523
15469,19,2,538.55,0,89,269.275,0.022222222222222223
15472,82,1,371.56,0,82,371.56,0.012048192771084338
15473,27,5,1057.2,1,30,211.44,0.16129032258064516
15475,46,1,454.11,0,46,454.11,0.02127659574468085
15478,9,2,1441.42,0,26,720.71,0.07407407407407407
15480,85,1,905.5,0,85,905.5,0.011627906976744186
15482,5,8,4779.1,1,328,597.3875,0.0243161094224924
15483,130,4,233.81,0,236,58.4525,0.016877637130801686
15484,26,2,2030.68,1,47,1015.34,0.041666666666666664
15485,305,2,1278.63,1,342,639.315,0.0058309037900874635
15488,62,1,91.32000000000001,0,62,91.32000000000001,0.015873015873015872
15489,27,2,790.9,1,180,395.45,0.011049723756906077
15491,64,6,3100.09,0,205,516.6816666666667,0.02912621359223301
15492,43,1,487.74,1,43,487.74,0.022727272727272728
15493,2,5,2001.8,0,240,400.36,0.02074688796680498
15494,90,1,1127.38,1,90,1127.38,0.01098901098901099
15497,289,1,970.6,1,289,970.6,0.0034482758620689655
15498,12,25,11788.8,1,336,471.55199999999996,0.07418397626112759
15500,50,1,406.02000000000004,1,50,406.02000000000004,0.0196078431372549
15502,36,10,9736.98,1,338,973.698,0.029498525073746312
15503,332,1,147.09,0,332,147.09,0.003003003003003003
15504,50,1,52.83,0,50,52.83,0.0196078431372549
15505,22,5,3610.96,0,124,722.192,0.04
15506,15,2,514.41,1,108,257.205,0.01834862385321101
15507,141,1,492.36,0,141,492.36,0.007042253521126761
15508,158,6,1000.27,0,204,166.71166666666667,0.02926829268292683
15510,300,1,250.0,0,300,250.0,0.0033222591362126247
15511,7,4,744.3,1,54,186.075,0.07272727272727272
15512,125,2,121.0,0,329,60.5,0.006060606060606061
15513,2,19,14758.22,0,343,776.7484210526316,0.055232558139534885
15514,3,8,3147.03,1,333,393.37875,0.023952095808383235
15516,14,3,62.43,0,16,20.81,0.17647058823529413
15517,202,1,267.03,0,202,267.03,0.0049261083743842365
15518,33,8,1942.45,0,301,242.80625,0.026490066225165563
15521,9,8,3000.2,0,224,375.025,0.035555555555555556
15522,2,2,398.84,0,57,199.42,0.034482758620689655
15523,53,1,412.01000000000005,0,53,412.01000000000005,0.018518518518518517
15525,342,1,313.93,1,342,313.93,0.0029154518950437317
15526,2,2,148.44,0,2,74.22,0.6666666666666666
15527,8,7,2249.44,1,323,321.34857142857146,0.021604938271604937
15528,223,1,229.33,0,223,229.33,0.004464285714285714
15529,36,10,3643.69,1,336,364.369,0.02967359050445104
15530,119,3,1168.73,1,216,389.57666666666665,0.013824884792626729
15532,100,3,1225.79,1,327,408.59666666666664,0.009146341463414634
15533,51,2,554.74,1,58,277.37,0.03389830508474576
15535,142,4,536.4,0,297,134.1,0.013422818791946308
15537,132,1,110.92,0,132,110.92,0.007518796992481203
15541,83,1,85.13000000000001,0,83,85.13000000000001,0.011904761904761904
15543,257,1,127.86,0,257,127.86,0.003875968992248062
15544,89,7,2772.37,1,342,396.05285714285714,0.02040816326530612
15545,23,2,292.71999999999997,0,340,146.35999999999999,0.005865102639296188
15547,9,13,4432.43,1,331,340.9561538461539,0.0391566265060241
15549,46,3,1693.26,0,285,564.42,0.01048951048951049
15550,75,3,433.28,1,271,144.42666666666665,0.011029411764705883
15551,6,1,436.06,0,6,436.06,0.14285714285714285
15552,186,1,90.12,0,186,90.12,0.0053475935828877
15553,29,1,437.23,0,29,437.23,0.03333333333333333
15554,247,1,217.2,0,247,217.2,0.004032258064516129
15555,3,14,4022.15,1,338,287.2964285714286,0.04129793510324484
15561,119,3,449.66999999999996,1,185,149.89,0.016129032258064516
15562,321,1,134.55,0,321,134.55,0.003105590062111801
15563,170,2,735.62,1,328,367.81,0.0060790273556231
15565,19,2,173.16000000000003,0,40,86.58000000000001,0.04878048780487805
15568,14,2,422.52,1,42,211.26,0.046511627906976744
15569,73,5,1375.71,0,301,275.142,0.016556291390728478
15570,5,10,3785.5,1,338,378.55,0.029498525073746312
15571,3,2,398.78000000000003,1,47,199.39000000000001,0.041666666666666664
15572,79,4,1555.29,1,247,388.8225,0.016129032258064516
15573,1,2,607.45,0,55,303.725,0.03571428571428571
15574,147,4,702.25,0,341,175.5625,0.011695906432748537
15576,7,1,940.67,0,7,940.67,0.125
15577,120,3,258.88,0,274,86.29333333333334,0.01090909090909091
15578,131,1,127.1,0,131,127.1,0.007575757575757576
15579,38,2,348.6,0,283,174.3,0.007042253521126761
15581,90,13,3679.9700000000003,0,335,283.0746153846154,0.03869047619047619
15582,69,2,541.51,1,189,270.755,0.010526315789473684
15584,17,3,581.05,1,131,193.6833333333333,0.022727272727272728
15585,146,1,455.3,0,146,455.3,0.006802721088435374
15587,19,4,913.68,0,321,228.42,0.012422360248447204
15589,225,3,478.53,0,280,159.51,0.010676156583629894
15592,16,1,388.58,0,16,388.58,0.058823529411764705
15593,40,1,199.8,0,40,199.8,0.024390243902439025
15594,51,3,1506.43,1,204,502.1433333333334,0.014634146341463415
15596,70,5,1406.59,0,334,281.318,0.014925373134328358
15597,4,1,324.57,0,4,324.57,0.2
15598,22,1,240.68,0,22,240.68,0.043478260869565216
15599,173,1,448.83,1,173,448.83,0.005747126436781609
15601,25,13,6598.16,1,342,507.5507692307692,0.037900874635568516
15602,40,6,945.19,1,337,157.53166666666667,0.01775147928994083
15603,48,1,48.480000000000004,0,48,48.480000000000004,0.02040816326530612
15604,21,1,216.39000000000001,0,21,216.39000000000001,0.045454545454545456
15605,5,5,1198.23,0,342,239.64600000000002,0.014577259475218658
15606,30,9,2920.16,0,294,324.4622222222222,0.030508474576271188
15607,306,1,104.76,0,306,104.76,0.003257328990228013
15608,29,3,971.28,1,90,323.76,0.03296703296703297
15609,153,1,298.48,0,153,298.48,0.006493506493506494
15610,21,1,112.46000000000001,0,21,112.46000000000001,0.045454545454545456
15611,12,11,1340.3400000000001,1,304,121.84909090909092,0.036065573770491806
15612,5,2,195.15,0,31,97.575,0.0625
15615,0,22,9360.65,1,328,425.48409090909087,0.0668693009118541
15618,2,4,776.851,0,106,194.21275,0.037383177570093455
15620,26,3,1553.18,0,327,517.7266666666667,0.009146341463414634
15622,12,9,3709.56,0,251,412.17333333333335,0.03571428571428571
15623,110,1,301.03000000000003,0,110,301.03000000000003,0.009009009009009009
15624,86,4,588.13,0,225,147.0325,0.017699115044247787
15625,73,4,1534.26,0,204,383.565,0.01951219512195122
15626,44,2,675.8,0,299,337.9,0.006666666666666667
15628,16,7,2363.36,1,336,337.6228571428572,0.020771513353115726
15630,14,2,1186.35,0,174,593.175,0.011428571428571429
15632,33,7,2978.96,1,244,425.5657142857143,0.02857142857142857
15636,59,2,724.76,0,251,362.38,0.007936507936507936
15637,22,1,223.36,0,22,223.36,0.043478260869565216
15639,103,1,425.32,0,103,425.32,0.009615384615384616
15640,5,13,10442.32,1,341,803.2553846153846,0.038011695906432746
15641,74,4,1887.2,0,328,471.8,0.0121580547112462
15643,161,3,664.0,0,251,221.33333333333334,0.011904761904761904
15644,135,4,813.0,0,230,203.25,0.017316017316017316
15646,127,3,447.64000000000004,0,341,149.21333333333334,0.008771929824561403
15648,173,2,657.35,0,236,328.675,0.008438818565400843
15649,305,2,816.0,0,337,408.0,0.005917159763313609
15651,6,3,646.3,0,230,215.4333333333333,0.012987012987012988
15652,60,1,337.74,0,60,337.74,0.01639344262295082
15653,62,2,877.44,0,85,438.72,0.023255813953488372
15655,212,1,560.6700000000001,0,212,560.6700000000001,0.004694835680751174
15656,14,4,748.5,0,253,187.125,0.015748031496062992
15658,159,5,1024.1000000000001,0,342,204.82000000000002,0.014577259475218658
15659,13,1,306.45,0,13,306.45,0.07142857142857142
15660,54,7,1256.5,1,335,179.5,0.020833333333333332
15661,286,2,309.8,0,308,154.9,0.006472491909385114
15663,75,1,138.14,0,75,138.14,0.013157894736842105
15664,20,1,386.43,0,20,386.43,0.047619047619047616
15665,137,2,2242.01,0,212,1121.005,0.009389671361502348
15667,9,1,301.32000000000005,0,9,301.32000000000005,0.1
15668,187,1,76.32000000000001,0,187,76.32000000000001,0.005319148936170213
15669,9,4,684.34,0,233,171.085,0.017094017094017096
15670,266,1,173.05,0,266,173.05,0.003745318352059925
15671,64,5,1972.89,1,240,394.57800000000003,0.02074688796680498
15673,57,4,2881.02,0,296,720.255,0.013468013468013467
15674,42,5,2446.6,0,224,489.32,0.022222222222222223
15675,50,3,323.69,0,249,107.89666666666666,0.012
15676,4,2,3267.84,1,253,1633.92,0.007874015748031496
15677,18,1,657.23,0,18,657.23,0.05263157894736842
15678,22,1,352.7,0,22,352.7,0.043478260869565216
15679,123,2,260.26,1,152,130.13,0.013071895424836602
15680,9,2,1021.71,1,335,510.855,0.005952380952380952
15681,152,3,703.22,1,249,234.40666666666667,0.012
15683,86,1,193.75,0,86,193.75,0.011494252873563218
15687,34,6,2241.18,1,299,373.53,0.02
15689,89,2,254.1,0,331,127.05,0.006024096385542169
15690,70,1,111.0,1,70,111.0,0.014084507042253521
15691,221,1,136.8,0,221,136.8,0.0045045045045045045
15694,36,10,4716.04,1,342,471.604,0.029154518950437316
15695,236,2,409.98,0,236,204.99,0.008438818565400843
15696,2,8,2736.46,0,296,342.0575,0.026936026936026935
15700,141,2,696.68,0,142,348.34,0.013986013986013986
15701,37,3,1223.2,1,80,407.73333333333335,0.037037037037037035
15703,234,1,211.5,0,234,211.5,0.00425531914893617
15704,109,4,2293.62,0,185,573.405,0.021505376344086023
15705,170,1,143.1,0,170,143.1,0.005847953216374269
15706,33,4,1060.56,0,85,265.14,0.046511627906976744
15707,4,4,945.58,0,55,236.395,0.07142857142857142
15708,10,7,3364.2400000000002,0,339,480.6057142857143,0.020588235294117647
15709,253,1,133.25,0,253,133.25,0.003937007874015748
15712,40,4,865.9100000000001,1,257,216.47750000000002,0.015503875968992248
15713,112,2,356.7,0,335,178.35,0.005952380952380952
15714,47,1,132.48000000000002,1,47,132.48000000000002,0.020833333333333332
15716,115,4,1118.81,0,339,279.7025,0.011764705882352941
15717,203,1,150.3,0,203,150.3,0.004901960784313725
15719,2,13,5045.61,0,307,388.1238461538461,0.04220779220779221
15722,5,5,2222.56,0,260,444.512,0.019157088122605363
15723,334,1,203.10000000000002,0,334,203.10000000000002,0.0029850746268656717
15724,170,2,218.25,0,254,109.125,0.00784313725490196
15727,76,6,4609.29,1,328,768.215,0.0182370820668693
15729,182,1,85.0,0,182,85.0,0.00546448087431694
15730,35,3,1120.88,0,176,373.6266666666667,0.01694915254237288
15732,181,2,294.12,0,341,147.06,0.005847953216374269
15733,252,1,162.3,0,252,162.3,0.003952569169960474
15734,84,2,1339.45,0,169,669.725,0.011764705882352941
15737,48,6,1081.51,1,212,180.25166666666667,0.028169014084507043
15738,12,15,4495.52,1,341,299.70133333333337,0.043859649122807015
15739,35,1,449.12,0,35,449.12,0.027777777777777776
15740,18,1,154.88,0,18,154.88,0.05263157894736842
15743,6,3,571.61,1,154,190.53666666666666,0.01935483870967742
15744,47,1,34.8,0,47,34.8,0.020833333333333332
15745,3,3,917.2800000000001,1,205,305.76000000000005,0.014563106796116505
15746,103,1,196.88,0,103,196.88,0.009615384615384616
15747,89,2,549.47,1,142,274.735,0.013986013986013986
15748,9,1,149.31,0,9,149.31,0.1
15749,204,3,44534.3,0,301,14844.766666666668,0.009933774834437087
15750,7,6,1937.95,1,336,322.9916666666667,0.017804154302670624
15752,9,7,2637.38,0,342,376.7685714285714,0.02040816326530612
15753,274,1,79.2,0,274,79.2,0.0036363636363636364
15754,20,3,458.57,0,216,152.85666666666665,0.013824884792626729
15755,43,5,2076.7400000000002,1,264,415.34800000000007,0.018867924528301886
15756,30,4,532.96,0,218,133.24,0.0182648401826484
15757,35,2,714.42,0,187,357.21,0.010638297872340425
15759,187,3,253.04000000000002,0,327,84.34666666666668,0.009146341463414634
15762,34,2,583.75,0,46,291.875,0.0425531914893617
15763,1,2,1086.92,0,47,543.46,0.041666666666666664
15764,57,6,3279.9700000000003,0,246,546.6616666666667,0.024291497975708502
15766,33,1,315.06,0,33,315.06,0.029411764705882353
15768,85,3,621.83,0,195,207.27666666666667,0.015306122448979591
15769,0,25,52848.72,1,340,2113.9488,0.07331378299120235
15774,38,1,270.8,0,38,270.8,0.02564102564102564
15775,214,1,104.9,0,214,104.9,0.004651162790697674
15776,102,1,241.62,0,102,241.62,0.009708737864077669
15777,210,4,1047.1100000000001,0,330,261.77750000000003,0.012084592145015106
15780,153,3,475.28000000000003,0,327,158.42666666666668,0.009146341463414634
15781,107,2,211.3,1,275,105.65,0.007246376811594203
15782,19,2,2164.34,1,58,1082.17,0.03389830508474576
15785,2,5,2328.9700000000003,0,264,465.79400000000004,0.018867924528301886
15786,15,3,4932.2,0,83,1644.0666666666666,0.03571428571428571
15787,30,1,492.05,1,30,492.05,0.03225806451612903
15789,327,1,351.3,0,327,351.3,0.003048780487804878
15791,13,2,1612.69,0,173,806.345,0.011494252873563218
15793,9,2,612.0,1,238,306.0,0.008368200836820083
15795,119,1,610.01,0,119,610.01,0.008333333333333333
15796,41,6,1887.71,1,271,314.61833333333334,0.022058823529411766
15797,82,4,2207.4,0,288,551.85,0.01384083044982699
15799,45,3,884.14,0,303,294.7133333333333,0.009868421052631578
15800,76,2,699.08,0,216,349.54,0.009216589861751152
15801,15,3,1063.95,0,79,354.65000000000003,0.0375
15802,112,1,451.42,0,112,451.42,0.008849557522123894
15803,20,1,415.82000000000005,0,20,415.82000000000005,0.047619047619047616
15804,6,10,3535.95,1,168,353.59499999999997,0.05917159763313609
15805,1,16,5158.08,1,334,322.38,0.04776119402985075
15806,15,3,784.58,0,246,261.5266666666667,0.012145748987854251
15807,19,3,903.9,0,46,301.3,0.06382978723404255
15808,275,4,3734.9700000000003,0,338,933.7425000000001,0.011799410029498525
15809,5,5,515.77,0,272,103.154,0.018315018315018316
15810,48,4,1391.98,0,266,347.995,0.0149812734082397
15811,75,5,1773.8,1,334,354.76,0.014925373134328358
15812,76,5,1801.14,0,287,360.228,0.017361111111111112
15813,177,2,1303.9099999999999,0,209,651.9549999999999,0.009523809523809525
15814,5,3,1577.19,1,20,525.73,0.14285714285714285
15815,33,5,2100.6,0,229,420.12,0.021739130434782608
15819,18,4,1905.45,0,246,476.3625,0.016194331983805668
15820,289,1,206.98,0,289,206.98,0.0034482758620689655
15821,13,2,570.96,0,30,285.48,0.06451612903225806
15822,328,1,440.2,1,328,440.2,0.00303951367781155
15823,341,1,15.0,0,341,15.0,0.0029239766081871343
15825,141,1,532.94,0,141,532.94,0.007042253521126761
15826,25,3,1654.31,0,180,551.4366666666666,0.016574585635359115
15827,42,14,1836.09,0,341,131.1492857142857,0.04093567251461988
15829,68,2,636.14,0,110,318.07,0.018018018018018018
15830,7,1,576.0,0,7,576.0,0.125
15831,27,3,801.76,0,293,267.25333333333333,0.01020408163265306
15832,223,1,836.79,0,223,836.79,0.004464285714285714
15834,39,4,2233.75,0,246,558.4375,0.016194331983805668
15835,13,4,954.09,0,300,238.5225,0.013289036544850499
15836,19,1,137.37,0,19,137.37,0.05
15837,34,1,391.98,0,34,391.98,0.02857142857142857
15838,34,14,28333.58,1,337,2023.827142857143,0.04142011834319527
15839,2,3,1048.49,0,117,349.49666666666667,0.025423728813559324
15840,28,2,355.56,0,142,177.78,0.013986013986013986
15841,42,4,1224.06,0,308,306.015,0.012944983818770227
15843,273,1,118.95,0,273,118.95,0.0036496350364963502
15844,15,1,130.73999999999998,0,15,130.73999999999998,0.0625
15845,5,7,3410.48,1,306,487.2114285714286,0.02280130293159609
15847,7,2,389.27,0,257,194.635,0.007751937984496124
15850,137,1,118.88,1,137,118.88,0.007246376811594203
15852,156,2,160.71,0,166,80.355,0.011976047904191617
15853,21,1,110.8,0,21,110.8,0.045454545454545456
15854,56,10,2839.94,1,331,283.994,0.030120481927710843
15855,106,5,712.24,0,233,142.448,0.021367521367521368
15856,14,21,13276.87,1,334,632.2319047619048,0.0626865671641791
15858,29,4,1247.84,1,336,311.96,0.011869436201780416
15860,10,8,977.21,0,338,122.15125,0.02359882005899705
15861,15,4,1693.74,1,236,423.435,0.016877637130801686
15862,81,3,659.73,1,343,219.91,0.00872093023255814
15863,162,1,9.2,1,162,9.2,0.006134969325153374
15864,36,4,1478.4,1,285,369.6,0.013986013986013986
15865,10,3,895.13,0,183,298.37666666666667,0.016304347826086956
15866,70,1,230.53,0,70,230.53,0.014084507042253521
15867,39,13,3307.62,1,338,254.4323076923077,0.038348082595870206
15869,246,2,149.64,0,246,74.82,0.008097165991902834
15870,2,1,354.09000000000003,0,2,354.09000000000003,0.3333333333333333
15874,33,7,4405.88,0,253,629.4114285714286,0.027559055118110236
15880,338,1,343.28,0,338,343.28,0.0029498525073746312
15881,281,5,501.39,0,333,100.27799999999999,0.014970059880239521
15882,168,4,516.36,0,337,129.09,0.011834319526627219
15883,2,1,143.76,1,2,143.76,0.3333333333333333
15885,62,3,379.35,0,278,126.45,0.010752688172043012
15886,29,1,181.09,0,29,181.09,0.03333333333333333
15888,50,1,168.31,0,50,168.31,0.0196078431372549
15889,126,2,446.87,0,338,223.435,0.0058997050147492625
15891,196,1,524.52,0,196,524.52,0.005076142131979695
15894,222,2,263.55,0,338,131.775,0.0058997050147492625
15895,119,1,179.17,0,119,179.17,0.008333333333333333
15897,163,2,222.05,0,163,111.025,0.012195121951219513
15898,196,4,1002.99,1,338,250.7475,0.011799410029498525
15899,338,1,56.25,0,338,56.25,0.0029498525073746312
15901,47,2,233.35,1,124,116.675,0.016
15903,39,4,2520.36,1,264,630.09,0.01509433962264151
15906,37,5,1388.2,1,224,277.64,0.022222222222222223
15907,146,2,529.52,1,179,264.76,0.011111111111111112
15909,143,1,191.94,0,143,191.94,0.006944444444444444
15910,34,6,851.77,1,286,141.96166666666667,0.020905923344947737
15912,147,2,264.62,0,202,132.31,0.009852216748768473
15916,46,6,967.4300000000001,1,335,161.23833333333334,0.017857142857142856
15917,217,1,123.1,0,217,123.1,0.0045871559633027525
15918,160,2,334.23,0,240,167.115,0.008298755186721992
15919,338,1,270.72,1,338,270.72,0.0029498525073746312
15920,123,4,167.5,0,123,41.875,0.03225806451612903
15921,142,1,336.03000000000003,0,142,336.03000000000003,0.006993006993006993
15922,342,1,369.5,0,342,369.5,0.0029154518950437317
15923,342,1,127.08,0,342,127.08,0.0029154518950437317
15925,163,1,207.15,0,163,207.15,0.006097560975609756
15930,36,1,426.63,0,36,426.63,0.02702702702702703
15932,57,7,2195.65,1,258,313.6642857142857,0.02702702702702703
15933,40,2,728.27,1,56,364.135,0.03508771929824561
15935,208,2,416.86,0,211,208.43,0.009433962264150943
15937,33,1,145.35000000000002,0,33,145.35000000000002,0.029411764705882353
15938,81,5,404.58000000000004,0,293,80.91600000000001,0.017006802721088437
15939,59,15,6115.01,0,301,407.6673333333334,0.04966887417218543
15940,280,1,35.8,0,280,35.8,0.0035587188612099642
15942,103,1,337.44,0,103,337.44,0.009615384615384616
15944,246,1,325.1,0,246,325.1,0.004048582995951417
15945,334,1,181.0,0,334,181.0,0.0029850746268656717
15947,52,1,1708.24,0,52,1708.24,0.018867924528301886
15948,13,1,644.24,1,13,644.24,0.07142857142857142
15949,40,1,237.04000000000002,1,40,237.04000000000002,0.024390243902439025
15950,1,4,1765.51,0,329,441.3775,0.012121212121212121
15951,255,1,375.17,1,255,375.17,0.00390625
15952,3,4,806.57,0,194,201.6425,0.020512820512820513
15953,16,6,1239.6399999999999,1,338,206.60666666666665,0.017699115044247787
15955,12,13,3845.28,1,342,295.79076923076923,0.037900874635568516
15957,1,1,428.89,0,1,428.89,0.5
15958,43,1,104.35,0,43,104.35,0.022727272727272728
15963,14,1,280.04,1,14,280.04,0.06666666666666667
15965,336,1,156.19,1,336,156.19,0.002967359050445104
15967,288,1,173.8,1,288,173.8,0.0034602076124567475
15969,19,2,531.1,1,155,265.55,0.01282051282051282
15970,273,1,314.09999999999997,0,273,314.09999999999997,0.0036496350364963502
15971,22,11,3995.85,1,280,363.2590909090909,0.03914590747330961
15973,336,1,307.82000000000005,0,336,307.82000000000005,0.002967359050445104
15974,8,7,3442.15,0,258,491.7357142857143,0.02702702702702703
15975,53,1,371.01,0,53,371.01,0.018518518518518517
15976,134,2,430.94,0,189,215.47,0.010526315789473684
15977,8,1,355.63,1,8,355.63,0.1111111111111111
15978,46,1,1098.78,0,46,1098.78,0.02127659574468085
15980,58,3,2398.86,0,223,799.62,0.013392857142857142
15981,46,7,2849.88,1,280,407.1257142857143,0.02491103202846975
15983,330,3,1148.27,1,343,382.75666666666666,0.00872093023255814
15984,40,8,2091.96,1,337,261.495,0.023668639053254437
15985,92,2,1142.42,0,206,571.21,0.00966183574879227
15987,90,6,1206.42,1,338,201.07000000000002,0.017699115044247787
15990,13,2,792.11,0,256,396.055,0.007782101167315175
15993,2,3,1725.36,1,13,575.12,0.21428571428571427
15994,24,1,427.07,0,24,427.07,0.04
15996,57,6,1060.68,0,335,176.78,0.017857142857142856
15998,6,5,3089.97,0,331,617.9939999999999,0.015060240963855422
16003,104,3,1793.9,1,329,597.9666666666667,0.00909090909090909
16005,152,2,298.08,1,240,149.04,0.008298755186721992
16006,180,1,101.4,0,180,101.4,0.0055248618784530384
16007,17,4,1701.94,0,184,425.485,0.021621621621621623
16008,44,2,330.71,1,174,165.355,0.011428571428571429
16009,1,3,933.71,1,129,311.2366666666667,0.023076923076923078
16010,215,3,407.5,0,332,135.83333333333334,0.009009009009009009
16011,13,14,2712.59,1,335,193.7564285714286,0.041666666666666664
16012,4,3,1415.29,0,124,471.7633333333333,0.024
16013,14,42,31053.76,1,340,739.375238095238,0.12316715542521994
16014,7,3,662.38,0,260,220.79333333333332,0.011494252873563218
16015,18,1,300.77,1,18,300.77,0.05263157894736842
16016,5,6,1213.68,1,336,202.28,0.017804154302670624
16017,16,1,211.88,0,16,211.88,0.058823529411764705
16018,8,2,408.9,0,149,204.45,0.013333333333333334
16019,16,9,3786.24,0,334,420.6933333333333,0.026865671641791045
16020,34,1,518.8,1,34,518.8,0.02857142857142857
16022,229,1,628.28,0,229,628.28,0.004347826086956522
16023,15,3,719.81,0,235,239.93666666666664,0.012711864406779662
16026,12,1,236.09,0,12,236.09,0.07692307692307693
16027,61,6,934.62,0,272,155.77,0.02197802197802198
16029,8,63,81024.84,0,343,1286.1085714285714,0.18313953488372092
16030,279,1,331.24,0,279,331.24,0.0035714285714285713
16031,61,2,548.94,0,216,274.47,0.009216589861751152
16033,2,19,8394.53,1,339,441.81736842105266,0.05588235294117647
16034,165,3,437.70000000000005,0,302,145.9,0.009900990099009901
16036,56,2,758.9200000000001,0,232,379.46000000000004,0.008583690987124463
16037,239,3,855.02,0,328,285.00666666666666,0.00911854103343465
16038,146,2,393.33,1,171,196.665,0.011627906976744186
16040,34,3,1313.55,0,238,437.84999999999997,0.012552301255230125
16041,0,3,3166.4,0,110,1055.4666666666667,0.02702702702702703
16042,26,4,892.8,1,301,223.2,0.013245033112582781
16043,6,4,773.99,0,287,193.4975,0.013888888888888888
16045,89,4,1340.7,0,259,335.175,0.015384615384615385
16048,342,2,256.44,0,342,128.22,0.0058309037900874635
16049,9,3,1111.79,0,44,370.59666666666664,0.06666666666666667
16050,143,1,137.9,0,143,137.9,0.006944444444444444
16052,23,1,362.06,0,23,362.06,0.041666666666666664
16053,2,2,1511.95,0,91,755.975,0.021739130434782608
16054,114,1,783.9,0,114,783.9,0.008695652173913044
16055,190,1,134.8,0,190,134.8,0.005235602094240838
16056,14,1,664.85,0,14,664.85,0.06666666666666667
16057,65,6,1544.23,1,254,257.37166666666667,0.023529411764705882
16059,35,6,1459.8600000000001,0,337,243.31000000000003,0.01775147928994083
16062,102,3,778.14,1,334,259.38,0.008955223880597015
16063,229,1,335.32,0,229,335.32,0.004347826086956522
16065,334,1,372.09,0,334,372.09,0.0029850746268656717
16066,1,4,1248.52,1,93,312.13,0.0425531914893617
16070,1,1,686.85,1,1,686.85,0.5
16071,14,1,326.24,0,14,326.24,0.06666666666666667
16072,257,1,584.3199999999999,0,257,584.3199999999999,0.003875968992248062
16073,266,1,122.4,0,266,122.4,0.003745318352059925
16076,22,8,1887.5700000000002,1,178,235.94625000000002,0.0446927374301676
16078,253,1,79.2,0,253,79.2,0.003937007874015748
16079,9,1,508.22,1,9,508.22,0.1
16080,51,2,217.16,0,243,108.58,0.00819672131147541
16081,25,5,2806.9,0,336,561.38,0.01483679525222552
16083,70,2,1317.62,0,330,658.81,0.006042296072507553
16084,268,1,436.18,0,268,436.18,0.0037174721189591076
16085,27,4,739.98,1,290,184.995,0.013745704467353952
16086,28,5,1121.39,0,336,224.27800000000002,0.01483679525222552
16091,124,2,315.06,0,168,157.53,0.011834319526627219
16092,84,3,817.86,0,223,272.62,0.013392857142857142
16093,76,1,17.0,0,76,17.0,0.012987012987012988
16094,188,1,252.1,1,188,252.1,0.005291005291005291
16096,233,1,320.62,0,233,320.62,0.004273504273504274
16097,209,1,185.04999999999998,0,209,185.04999999999998,0.004761904761904762
16098,57,7,2005.63,0,343,286.5185714285714,0.020348837209302327
16099,19,3,731.9,0,195,243.96666666666667,0.015306122448979591
16101,40,1,1290.7,0,40,1290.7,0.024390243902439025
16102,11,3,1842.14,0,97,614.0466666666667,0.030612244897959183
16103,49,5,1413.14,1,203,282.62800000000004,0.024509803921568627
16104,31,1,302.36,0,31,302.36,0.03125
16105,218,1,336.96,0,218,336.96,0.0045662100456621
16106,35,1,108.38,0,35,108.38,0.027777777777777776
16107,11,5,2307.52,1,152,461.504,0.032679738562091505
16108,54,1,842.5,0,54,842.5,0.01818181818181818
16109,188,2,611.88,0,278,305.94,0.007168458781362007
16110,14,3,1337.48,0,280,445.82666666666665,0.010676156583629894
16112,112,4,195.74,0,308,48.935,0.012944983818770227
16113,152,1,161.38,0,152,161.38,0.006535947712418301
16114,140,1,135.75000000000003,0,140,135.75000000000003,0.0070921985815602835
16115,10,7,1518.96,1,262,216.99428571428572,0.026615969581749048
16116,181,1,612.78,0,181,612.78,0.005494505494505495
16117,159,1,232.21,0,159,232.21,0.00625
16119,42,1,309.48,1,42,309.48,0.023255813953488372
16120,28,4,1309.14,0,28,327.285,0.13793103448275862
16121,26,2,867.11,0,185,433.555,0.010752688172043012
16122,42,4,684.42,0,336,171.105,0.011869436201780416
16123,21,1,307.78000000000003,0,21,307.78000000000003,0.045454545454545456
16124,286,1,249.0,0,286,249.0,0.003484320557491289
16125,336,1,289.35,0,336,289.35,0.002967359050445104
16126,71,3,3706.7,1,266,1235.5666666666666,0.011235955056179775
16127,8,1,656.25,0,8,656.25,0.1111111111111111
16128,6,4,1690.5800000000002,1,252,422.64500000000004,0.015810276679841896
16131,21,6,3506.54,0,209,584.4233333333333,0.02857142857142857
16133,9,28,12979.52,1,287,463.55428571428575,0.09722222222222222
16134,328,1,283.53000000000003,1,328,283.53000000000003,0.00303951367781155
16135,232,1,517.55,0,232,517.55,0.004291845493562232
16136,29,3,709.38,0,247,236.46,0.012096774193548387
16139,81,2,306.37,1,176,153.185,0.011299435028248588
16140,35,2,725.1800000000001,0,340,362.59000000000003,0.005865102639296188
16141,57,1,620.4,0,57,620.4,0.017241379310344827
16142,219,1,535.34,0,219,535.34,0.004545454545454545
16143,77,5,1949.3600000000001,1,338,389.872,0.014749262536873156
16144,216,1,175.2,0,216,175.2,0.004608294930875576
16145,9,10,3432.1,1,329,343.21,0.030303030303030304
16146,126,3,734.13,0,201,244.71,0.01485148514851485
16147,103,1,375.0,0,103,375.0,0.009615384615384616
16148,265,1,76.32000000000001,0,265,76.32000000000001,0.0037593984962406013
16149,111,1,163.68,1,111,163.68,0.008928571428571428
16150,12,5,2053.02,0,341,410.604,0.014619883040935672
16152,238,1,1829.04,0,238,1829.04,0.0041841004184100415
16153,19,5,1824.23,0,324,364.846,0.015384615384615385
16156,19,7,2410.4300000000003,1,280,344.3471428571429,0.02491103202846975
16157,42,1,168.32,1,42,168.32,0.023255813953488372
16159,251,1,348.2,0,251,348.2,0.003968253968253968
16160,34,2,1025.44,0,55,512.72,0.03571428571428571
16161,28,15,4300.88,1,338,286.72533333333337,0.04424778761061947
16162,221,1,37.4,0,221,37.4,0.0045045045045045045
16163,201,2,856.6,0,334,428.3,0.005970149253731343
16164,12,1,245.36,1,12,245.36,0.07692307692307693
16168,3,22,3329.34,1,339,151.33363636363637,0.06470588235294118
16169,9,2,904.8000000000001,1,45,452.40000000000003,0.043478260869565216
16170,20,6,1885.05,0,217,314.175,0.027522935779816515
16171,28,1,73.19999999999999,0,28,73.19999999999999,0.034482758620689655
16172,64,5,1140.21,0,211,228.042,0.02358490566037736
16173,7,5,1119.47,1,67,223.894,0.07352941176470588
16174,95,3,1009.55,0,121,336.51666666666665,0.02459016393442623
16175,63,4,1037.5900000000001,0,209,259.39750000000004,0.01904761904761905
16177,19,1,331.95,0,19,331.95,0.05
16178,107,1,197.9,0,107,197.9,0.009259259259259259
16179,30,1,215.83,0,30,215.83,0.03225806451612903
16180,69,8,10254.18,0,222,1281.7725,0.03587443946188341
16181,42,1,305.54,0,42,305.54,0.023255813953488372
16182,41,4,6617.65,0,264,1654.4125,0.01509433962264151
16183,36,1,338.71000000000004,0,36,338.71000000000004,0.02702702702702703
16184,33,6,1158.79,0,180,193.13166666666666,0.03314917127071823
16185,202,1,335.0,1,202,335.0,0.0049261083743842365
16186,15,11,3594.14,1,341,326.74,0.03216374269005848
16187,1,15,6911.4400000000005,0,253,460.7626666666667,0.05905511811023622
16188,14,4,981.86,0,212,245.465,0.018779342723004695
16189,54,1,144.48,1,54,144.48,0.01818181818181818
16190,9,1,215.08,0,9,215.08,0.1
16191,21,10,4082.26,1,330,408.226,0.030211480362537766
16193,206,1,314.45,0,206,314.45,0.004830917874396135
16198,44,1,400.68100000000004,0,44,400.68100000000004,0.022222222222222223
16200,133,1,550.57,1,133,550.57,0.007462686567164179
16201,14,2,782.83,1,79,391.415,0.025
16202,330,1,365.27,0,330,365.27,0.0030211480362537764
16203,28,4,592.9,0,341,148.225,0.011695906432748537
16205,0,4,761.38,0,149,190.345,0.02666666666666667
16206,24,4,537.0600000000001,0,297,134.26500000000001,0.013422818791946308
16208,14,2,664.26,0,258,332.13,0.007722007722007722
16209,58,5,2262.62,0,216,452.524,0.02304147465437788
16210,0,15,14788.82,1,343,985.9213333333333,0.0436046511627907
16211,58,1,547.02,0,58,547.02,0.01694915254237288
16212,252,1,498.15000000000003,1,252,498.15000000000003,0.003952569169960474
16213,48,1,159.0,0,48,159.0,0.02040816326530612
16214,140,3,1062.75,0,238,354.25,0.012552301255230125
16215,50,1,242.35,0,50,242.35,0.0196078431372549
16216,236,1,914.9300000000001,0,236,914.9300000000001,0.004219409282700422
16217,204,2,304.25,0,251,152.125,0.007936507936507936
16218,84,6,2635.48,1,343,439.24666666666667,0.01744186046511628
16221,6,3,864.86,0,336,288.2866666666667,0.008902077151335312
16222,287,1,846.72,0,287,846.72,0.003472222222222222
16224,26,4,1295.3,0,219,323.825,0.01818181818181818
16225,14,5,1096.32,0,247,219.26399999999998,0.020161290322580645
16226,172,3,255.12,0,204,85.04,0.014634146341463415
16227,194,1,314.22,0,194,314.22,0.005128205128205128
16229,56,2,1010.6,0,182,505.3,0.01092896174863388
16230,159,2,542.03,0,189,271.015,0.010526315789473684
16232,13,4,990.88,0,184,247.72,0.021621621621621623
16233,40,3,536.6800000000001,0,335,178.89333333333335,0.008928571428571428
16235,10,5,867.3100000000001,0,301,173.46200000000002,0.016556291390728478
16236,47,1,432.2,0,47,432.2,0.020833333333333332
16239,26,2,414.2,0,159,207.1,0.0125
16240,46,1,1824.79,1,46,1824.79,0.02127659574468085
16241,1,12,1998.47,1,339,166.53916666666666,0.03529411764705882
16242,1,5,2520.1,1,246,504.02,0.020242914979757085
16243,3,2,409.1,0,24,204.55,0.08
16244,181,2,1522.75,0,342,761.375,0.0058309037900874635
16245,91,2,769.7,1,226,384.85,0.00881057268722467
16247,139,1,114.56,0,139,114.56,0.007142857142857143
16248,31,1,152.94,0,31,152.94,0.03125
16249,22,5,1800.07,0,208,360.014,0.023923444976076555
16250,230,2,389.44,0,343,194.72,0.005813953488372093
16253,36,2,3683.86,0,224,1841.93,0.008888888888888889
16255,65,7,2182.79,1,334,311.82714285714286,0.020895522388059702
16256,236,1,752.4300000000001,0,236,752.4300000000001,0.004219409282700422
16257,146,1,46.95,0,146,46.95,0.006802721088435374
16258,14,5,5203.51,0,188,1040.702,0.026455026455026454
16260,20,1,1035.45,0,20,1035.45,0.047619047619047616
16261,44,3,562.4300000000001,1,215,187.4766666666667,0.013888888888888888
16265,12,8,4657.1,1,334,582.1375,0.023880597014925373
16266,43,7,861.89,0,175,123.12714285714286,0.03977272727272727
16268,40,2,667.65,0,40,333.825,0.04878048780487805
16270,322,1,1141.24,0,322,1141.24,0.0030959752321981426
16271,95,3,893.03,1,327,297.6766666666667,0.009146341463414634
16272,86,1,411.7,0,86,411.7,0.011494252873563218
16274,342,1,357.95,0,342,357.95,0.0029154518950437317
16275,166,1,559.87,0,166,559.87,0.005988023952095809
16276,146,1,810.6,0,146,810.6,0.006802721088435374
16278,69,1,566.38,0,69,566.38,0.014285714285714285
16279,56,2,730.98,1,146,365.49,0.013605442176870748
16281,41,1,2062.06,0,41,2062.06,0.023809523809523808
16282,309,1,168.3,0,309,168.3,0.0032258064516129032
16283,37,4,1330.14,1,177,332.535,0.02247191011235955
16284,0,2,823.97,0,19,411.985,0.1
16287,139,1,142.5,0,139,142.5,0.007142857142857143
16292,91,1,302.25,0,91,302.25,0.010869565217391304
16293,18,9,1906.16,1,336,211.79555555555555,0.026706231454005934
16295,27,2,692.3,1,34,346.15,0.05714285714285714
16297,238,1,301.9,0,238,301.9,0.0041841004184100415
16298,21,2,353.54,1,156,176.77,0.012738853503184714
16302,96,1,233.22,0,96,233.22,0.010309278350515464
16303,85,2,4036.33,1,302,2018.165,0.006600660066006601
16305,108,1,361.22,0,108,361.22,0.009174311926605505
16306,183,6,632.27,0,336,105.37833333333333,0.017804154302670624
16308,7,4,2560.0,0,230,640.0,0.017316017316017316
16309,75,2,706.57,0,210,353.285,0.009478672985781991
16311,18,1,401.55,1,18,401.55,0.05263157894736842
16313,19,1,167.62,1,19,167.62,0.05
16315,300,1,226.37,0,300,226.37,0.0033222591362126247
16316,33,8,2938.91,0,327,367.36375,0.024390243902439025
16317,89,3,1341.65,0,266,447.2166666666667,0.011235955056179775
16318,4,1,328.15000000000003,0,4,328.15000000000003,0.2
16319,187,1,404.40000000000003,0,187,404.40000000000003,0.005319148936170213
16320,141,2,1038.46,0,182,519.23,0.01092896174863388
16321,41,5,373.65000000000003,0,293,74.73,0.017006802721088437
16322,5,1,213.08,1,5,213.08,0.16666666666666666
16323,165,1,207.50000000000003,0,165,207.50000000000003,0.006024096385542169
16324,97,3,428.68,0,146,142.89333333333335,0.02040816326530612
16325,16,3,594.24,0,215,198.08,0.013888888888888888
16326,3,12,2549.57,1,304,212.46416666666667,0.03934426229508197
16327,49,5,3172.39,1,339,634.478,0.014705882352941176
16330,81,2,48.96,1,81,24.48,0.024390243902439025
16332,13,6,1390.89,1,274,231.81500000000003,0.02181818181818182
16333,5,20,25079.6,1,279,1253.98,0.07142857142857142
16337,6,1,151.05,0,6,151.05,0.14285714285714285
16338,126,1,214.8,0,126,214.8,0.007874015748031496
16339,253,1,109.95,0,253,109.95,0.003937007874015748
16340,76,1,549.07,0,76,549.07,0.012987012987012988
16341,55,2,1531.89,1,170,765.945,0.011695906432748537
16342,44,4,322.41,0,149,80.6025,0.02666666666666667
16344,127,1,101.10000000000001,0,127,101.10000000000001,0.0078125
16345,13,1,575.41,0,13,575.41,0.07142857142857142
16347,5,1,444.29,1,5,444.29,0.16666666666666666
16348,1,7,1469.45,0,209,209.92142857142858,0.03333333333333333
16349,260,1,53.5,0,260,53.5,0.0038314176245210726
16350,34,3,1001.87,1,303,333.95666666666665,0.009868421052631578
16351,302,1,153.9,0,302,153.9,0.0033003300330033004
16352,7,1,204.92000000000002,1,7,204.92000000000002,0.125
16353,1,19,5056.56,1,339,266.13473684210527,0.05588235294117647
16354,32,2,395.8,0,42,197.9,0.046511627906976744
16356,167,3,211.77,0,247,70.59,0.012096774193548387
16357,2,3,658.88,0,183,219.62666666666667,0.016304347826086956
16358,33,3,1594.3400000000001,1,153,531.4466666666667,0.01948051948051948
16359,34,8,1640.19,1,301,205.02375,0.026490066225165563
16360,8,4,2012.35,1,57,503.0875,0.06896551724137931
16361,9,2,604.3,1,40,302.15,0.04878048780487805
16362,1,5,734.77,0,60,146.954,0.08196721311475409
16363,22,1,109.36000000000001,0,22,109.36000000000001,0.043478260869565216
16364,106,1,347.55,1,106,347.55,0.009345794392523364
16365,6,8,1143.77,1,336,142.97125,0.02373887240356083
16367,6,2,804.49,0,332,402.245,0.006006006006006006
16369,50,2,851.69,1,166,425.845,0.011976047904191617
16370,51,4,1320.56,0,194,330.14,0.020512820512820513
16372,2,2,367.93,0,2,183.965,0.6666666666666666
16374,35,2,473.03,0,231,236.515,0.008620689655172414
16377,236,1,676.2,0,236,676.2,0.004219409282700422
16378,216,3,362.95,0,280,120.98333333333333,0.010676156583629894
16379,6,2,1302.68,1,48,651.34,0.04081632653061224
16380,30,1,1780.59,0,30,1780.59,0.03225806451612903
16383,44,2,668.36,0,237,334.18,0.008403361344537815
16384,59,2,584.5,0,233,292.25,0.008547008547008548
16385,29,3,555.89,0,335,185.29666666666665,0.008928571428571428
16386,223,1,61.10000000000001,1,223,61.10000000000001,0.004464285714285714
16387,292,1,94.36,0,292,94.36,0.0034129692832764505
16389,22,4,1382.0700000000002,0,252,345.51750000000004,0.015810276679841896
16392,239,1,221.19,0,239,221.19,0.004166666666666667
16393,22,10,2119.63,1,338,211.96300000000002,0.029498525073746312
16394,26,5,1555.34,0,259,311.068,0.019230769230769232
16395,29,5,1486.9,0,300,297.38,0.016611295681063124
16398,123,2,1705.8,0,223,852.9,0.008928571428571428
16399,204,1,178.41,1,204,178.41,0.004878048780487805
16400,64,1,303.93,0,64,303.93,0.015384615384615385
16401,14,9,3079.96,1,297,342.21777777777777,0.030201342281879196
16402,234,2,299.6,0,338,149.8,0.0058997050147492625
16403,281,1,177.5,0,281,177.5,0.0035460992907801418
16404,39,1,443.05,0,39,443.05,0.025
16405,271,2,167.25,0,279,83.625,0.007142857142857143
16407,43,9,1794.76,1,281,199.4177777777778,0.031914893617021274
16409,5,5,2028.88,0,286,405.776,0.017421602787456445
16411,338,1,131.5,1,338,131.5,0.0029498525073746312
16412,23,1,151.83,0,23,151.83,0.041666666666666664
16413,26,1,262.2,0,26,262.2,0.037037037037037035
16414,249,1,50.8,1,249,50.8,0.004
16415,13,1,210.35,0,13,210.35,0.07142857142857142
16416,12,2,678.72,1,25,339.36,0.07692307692307693
16418,14,3,675.27,0,195,225.09,0.015306122448979591
16419,82,6,972.23,0,281,162.03833333333333,0.02127659574468085
16422,1,48,33330.9,1,338,694.3937500000001,0.1415929203539823
16424,160,1,133.56,0,160,133.56,0.006211180124223602
16425,271,1,302.7,0,271,302.7,0.003676470588235294
16426,4,6,1155.91,1,245,192.65166666666667,0.024390243902439025
16427,232,2,241.06,0,253,120.53,0.007874015748031496
16429,75,1,284.55,0,75,284.55,0.013157894736842105
16430,26,1,300.85,0,26,300.85,0.037037037037037035
16431,182,3,642.81,0,266,214.26999999999998,0.011235955056179775
16432,33,1,287.40000000000003,0,33,287.40000000000003,0.029411764705882353
16434,3,6,1337.07,1,269,222.845,0.022222222222222223
16438,5,3,468.03000000000003,1,51,156.01000000000002,0.057692307692307696
16440,21,3,1808.83,1,184,602.9433333333333,0.016216216216216217
16441,36,2,381.2,0,260,190.6,0.007662835249042145
16442,197,2,437.03,1,330,218.515,0.006042296072507553
16444,15,4,654.67,0,234,163.6675,0.01702127659574468
16445,3,1,230.51,0,3,230.51,0.25
16446,175,1,2.9,1,175,2.9,0.005681818181818182
16447,105,1,259.01,0,105,259.01,0.009433962264150943
16448,167,1,188.89000000000001,0,167,188.89000000000001,0.005952380952380952
16449,167,2,707.69,0,250,353.845,0.00796812749003984
16450,119,1,311.92,0,119,311.92,0.008333333333333333
16451,57,1,266.97,0,57,266.97,0.017241379310344827
16454,14,2,6.9,0,33,3.45,0.058823529411764705
16455,33,7,1841.18,0,340,263.0257142857143,0.020527859237536656
16456,68,5,2158.37,0,342,431.674,0.014577259475218658
16457,187,1,208.36,0,187,208.36,0.005319148936170213
16458,7,15,2863.98,1,330,190.932,0.045317220543806644
16460,42,2,512.1,1,51,256.05,0.038461538461538464
16461,147,1,151.42,0,147,151.42,0.006756756756756757
16462,43,3,136.0,0,253,45.333333333333336,0.011811023622047244
16463,21,3,1119.39,1,173,373.13000000000005,0.017241379310344827
16464,49,2,998.25,1,111,499.125,0.017857142857142856
16466,3,7,1603.46,0,262,229.06571428571428,0.026615969581749048
16468,43,1,74.9,0,43,74.9,0.022727272727272728
16469,56,3,462.72,1,215,154.24,0.013888888888888888
16470,21,4,762.39,0,328,190.5975,0.0121580547112462
16471,244,1,223.95000000000002,0,244,223.95000000000002,0.004081632653061225
16473,134,3,316.11,0,306,105.37,0.009771986970684038
16474,20,5,1398.49,1,114,279.698,0.043478260869565216
16475,57,4,544.3,0,243,136.075,0.01639344262295082
16477,33,7,2494.46,0,341,356.3514285714286,0.02046783625730994
16478,34,2,235.9,1,35,117.95,0.05555555555555555
16480,45,1,769.29,0,45,769.29,0.021739130434782608
16483,161,1,139.35,0,161,139.35,0.006172839506172839
16484,143,2,404.3,0,160,202.15,0.012422360248447204
16485,46,1,363.65,0,46,363.65,0.02127659574468085
16488,2,3,498.8,0,118,166.26666666666668,0.025210084033613446
16491,16,1,731.5,0,16,731.5,0.058823529411764705
16493,49,4,1351.63,0,299,337.9075,0.013333333333333334
16494,266,1,826.53,0,266,826.53,0.003745318352059925
16495,245,2,246.51,1,245,123.255,0.008130081300813009
16496,177,2,1185.04,1,286,592.52,0.006968641114982578
16497,19,6,2965.69,0,302,494.2816666666667,0.019801980198019802
16498,130,2,100.97,0,131,50.485,0.015151515151515152
16499,329,2,365.45,0,334,182.725,0.005970149253731343
16500,5,3,250.32,1,300,83.44,0.009966777408637873
16503,76,4,1431.93,0,329,357.9825,0.012121212121212121
16505,1,1,777.6,0,1,777.6,0.5
16506,9,1,55.2,1,9,55.2,0.1
16509,266,1,363.70000000000005,0,266,363.70000000000005,0.003745318352059925
16510,341,1,248.1,0,341,248.1,0.0029239766081871343
16511,114,2,582.7,1,236,291.35,0.008438818565400843
16513,12,1,108.45,1,12,108.45,0.07692307692307693
16515,21,5,1627.13,0,280,325.42600000000004,0.017793594306049824
16517,246,1,162.70000000000002,0,246,162.70000000000002,0.004048582995951417
16518,30,2,484.32,0,253,242.16,0.007874015748031496
16519,334,1,103.7,1,334,103.7,0.0029850746268656717
16520,155,3,1046.57,0,334,348.8566666666666,0.008955223880597015
16523,2,18,7790.31,1,285,432.795,0.06293706293706294
16525,6,24,12364.19,1,336,515.1745833333333,0.0712166172106825
16526,141,1,290.36,0,141,290.36,0.007042253521126761
16527,50,1,228.06,0,50,228.06,0.0196078431372549
16529,159,1,455.25,0,159,455.25,0.00625
16531,6,6,1112.64,1,329,185.44000000000003,0.01818181818181818
16532,105,2,4516.8,1,308,2258.4,0.006472491909385114
16533,23,2,987.86,1,37,493.93,0.05263157894736842
16536,79,1,548.97,0,79,548.97,0.0125
16539,189,3,1053.61,1,342,351.2033333333333,0.008746355685131196
16542,23,1,119.62,0,23,119.62,0.041666666666666664
16545,134,1,339.3,0,134,339.3,0.007407407407407408
16546,260,2,787.15,0,342,393.575,0.0058309037900874635
16549,0,6,2311.19,1,303,385.1983333333333,0.019736842105263157
16550,78,5,2298.97,0,337,459.794,0.014792899408284023
16551,65,3,922.12,0,306,307.37333333333333,0.009771986970684038
16552,212,2,379.73,0,343,189.865,0.005813953488372093
16553,132,12,5719.82,0,329,476.65166666666664,0.03636363636363636
16554,11,3,837.1,0,301,279.03333333333336,0.009933774834437087
16555,4,2,285.89,0,79,142.945,0.025
16556,36,7,3313.79,0,329,473.3985714285714,0.021212121212121213
16557,106,1,101.15,1,106,101.15,0.009345794392523364
16558,7,18,6888.46,1,336,382.6922222222222,0.05341246290801187
16560,327,1,332.18,1,327,332.18,0.003048780487804878
16561,29,1,264.96,1,29,264.96,0.03333333333333333
16563,23,1,1077.74,0,23,1077.74,0.041666666666666664
16565,333,1,173.7,0,333,173.7,0.0029940119760479044
16566,26,4,502.28000000000003,1,262,125.57000000000001,0.015209125475285171
16567,163,2,865.6,0,306,432.8,0.006514657980456026
16570,1,9,3311.32,1,281,367.9244444444445,0.031914893617021274
16571,145,2,896.79,1,251,448.395,0.007936507936507936
16572,96,3,1009.6,0,245,336.53333333333336,0.012195121951219513
16573,54,2,663.61,0,259,331.805,0.007692307692307693
16574,40,1,451.44,0,40,451.44,0.024390243902439025
16581,152,1,105.84,0,152,105.84,0.006535947712418301
16582,82,1,313.62,0,82,313.62,0.012048192771084338
16583,343,1,233.45,0,343,233.45,0.0029069767441860465
16584,49,2,936.08,0,223,468.04,0.008928571428571428
16586,218,1,463.95,0,218,463.95,0.0045662100456621
16587,201,1,225.15,0,201,225.15,0.0049504950495049506
16589,40,3,459.24,0,130,153.08,0.022900763358778626
16591,38,1,213.5,0,38,213.5,0.02564102564102564
16592,0,13,2729.34,1,257,209.94923076923078,0.050387596899224806
16593,20,3,330.03,0,297,110.00999999999999,0.010067114093959731
16594,44,1,181.09,0,44,181.09,0.022222222222222223
16595,30,1,360.16,0,30,360.16,0.03225806451612903
16596,335,1,120.65,1,335,120.65,0.002976190476190476
16598,255,1,145.05,0,255,145.05,0.00390625
16600,43,3,353.2,1,308,117.73333333333333,0.009708737864077669
16601,10,1,244.8,0,10,244.8,0.09090909090909091
16602,5,1,528.08,0,5,528.08,0.16666666666666666
16603,44,2,482.47,0,60,241.235,0.03278688524590164
16607,7,13,3063.69,1,328,235.66846153846154,0.03951367781155015
16609,57,6,4029.82,1,222,671.6366666666667,0.026905829596412557
16610,188,1,75.66,0,188,75.66,0.005291005291005291
16611,155,1,129.49,0,155,129.49,0.00641025641025641
16612,2,4,1187.66,0,281,296.915,0.014184397163120567
16613,39,1,618.59,0,39,618.59,0.025
16614,152,1,506.19,0,152,506.19,0.006535947712418301
16616,126,1,210.10000000000002,1,126,210.10000000000002,0.007874015748031496
16617,205,1,151.85,0,205,151.85,0.0048543689320388345
16618,0,5,2647.59,0,292,529.518,0.017064846416382253
16619,233,1,226.21,0,233,226.21,0.004273504273504274
16620,230,1,95.75999999999999,1,230,95.75999999999999,0.004329004329004329
16621,21,4,813.48,0,247,203.37,0.016129032258064516
16623,215,1,129.45000000000002,0,215,129.45000000000002,0.004629629629629629
16624,50,2,810.57,0,166,405.285,0.011976047904191617
16625,243,1,333.08,0,243,333.08,0.004098360655737705
16626,0,13,3380.24,1,236,260.0184615384615,0.05485232067510549
16627,48,1,322.8,0,48,322.8,0.02040816326530612
16628,76,4,1619.8400000000001,1,204,404.96000000000004,0.01951219512195122
16629,43,2,417.73,0,65,208.865,0.030303030303030304
16633,8,5,2235.16,1,203,447.032,0.024509803921568627
16634,192,2,217.9,0,341,108.95,0.005847953216374269
16637,1,4,1154.47,0,195,288.6175,0.02040816326530612
16638,68,9,1550.94,1,338,172.32666666666668,0.02654867256637168
16639,0,3,1257.51,0,205,419.17,0.014563106796116505
16641,75,1,231.1,0,75,231.1,0.013157894736842105
16642,177,1,307.73,1,177,307.73,0.0056179775280898875
16643,215,1,487.51,0,215,487.51,0.004629629629629629
16644,147,2,833.78,0,181,416.89,0.01098901098901099
16647,139,2,214.06,0,174,107.03,0.011428571428571429
16648,12,1,290.66,0,12,290.66,0.07692307692307693
16650,41,1,518.42,0,41,518.42,0.023809523809523808
16652,28,7,6773.97,0,242,967.71,0.02880658436213992
16653,40,1,1117.86,1,40,1117.86,0.024390243902439025
16654,110,4,601.27,0,337,150.3175,0.011834319526627219
16655,44,4,2911.2,1,301,727.8,0.013245033112582781
16656,0,14,8330.66,1,334,595.0471428571428,0.041791044776119404
16657,118,2,446.11,1,224,223.055,0.008888888888888889
16658,337,1,123.24,0,337,123.24,0.0029585798816568047
16659,158,1,39.12,0,158,39.12,0.006289308176100629
16660,180,2,384.36,1,289,192.18,0.006896551724137931
16665,331,1,135.4,0,331,135.4,0.0030120481927710845
16667,37,2,570.13,0,253,285.065,0.007874015748031496
16668,86,5,266.52,1,254,53.303999999999995,0.0196078431372549
16669,47,2,729.49,1,47,364.745,0.041666666666666664
16670,26,9,3581.75,1,328,397.97222222222223,0.02735562310030395
16671,5,2,1539.63,1,134,769.815,0.014814814814814815
16672,5,19,7864.9400000000005,1,236,413.9442105263158,0.08016877637130802
16674,24,2,319.61,0,67,159.805,0.029411764705882353
16676,3,4,1592.12,0,306,398.03,0.013029315960912053
16678,6,9,2438.5,1,252,270.94444444444446,0.03557312252964427
16679,335,1,129.75,0,335,129.75,0.002976190476190476
16680,12,1,183.7,0,12,183.7,0.07692307692307693
16681,42,6,1770.3400000000001,0,222,295.0566666666667,0.026905829596412557
16682,26,4,917.14,1,157,229.285,0.02531645569620253
16684,5,25,60058.78,1,327,2402.3512,0.07621951219512195
16685,30,2,324.24,0,30,162.12,0.06451612903225806
16686,16,7,3062.83,0,324,437.54714285714283,0.021538461538461538
16688,12,2,831.52,1,30,415.76,0.06451612903225806
16689,45,2,422.6,0,51,211.3,0.038461538461538464
16690,41,2,225.58,0,171,112.79,0.011627906976744186
16692,225,2,1276.0,0,258,638.0,0.007722007722007722
16693,38,2,482.01,0,241,241.005,0.008264462809917356
16696,104,4,657.9,0,217,164.475,0.01834862385321101
16697,210,1,112.75,0,210,112.75,0.004739336492890996
16698,196,2,1998.0,0,222,999.0,0.008968609865470852
16700,50,11,4423.62,1,335,402.1472727272727,0.03273809523809524
16701,14,12,4899.86,1,331,408.32166666666666,0.03614457831325301
16705,8,15,12583.33,1,328,838.8886666666666,0.04559270516717325
16706,6,3,531.35,0,83,177.11666666666667,0.03571428571428571
16708,15,1,656.63,0,15,656.63,0.0625
16709,54,5,3029.87,0,251,605.9739999999999,0.01984126984126984
16710,43,8,2093.59,1,337,261.69875,0.023668639053254437
16711,109,3,909.87,1,327,303.29,0.009146341463414634
16712,64,8,2499.86,1,245,312.4825,0.032520325203252036
16713,36,13,5302.01,1,335,407.8469230769231,0.03869047619047619
16714,188,3,1161.53,0,286,387.1766666666667,0.010452961672473868
16715,47,1,301.71999999999997,0,47,301.71999999999997,0.020833333333333332
16716,236,2,901.2,0,280,450.6,0.0071174377224199285
16717,1,5,1862.8200000000002,1,335,372.564,0.01488095238095238
16718,338,1,623.75,0,338,623.75,0.0029498525073746312
16719,44,6,1497.75,1,338,249.625,0.017699115044247787
16721,231,1,292.47,0,231,292.47,0.004310344827586207
16722,20,12,4421.45,1,337,368.45416666666665,0.03550295857988166
16723,60,2,589.15,0,77,294.575,0.02564102564102564
16725,271,7,781.02,0,340,111.57428571428571,0.020527859237536656
16726,165,4,795.19,1,330,198.7975,0.012084592145015106
16727,333,1,272.82,0,333,272.82,0.0029940119760479044
16728,15,4,1054.67,0,233,263.6675,0.017094017094017096
16729,7,21,7239.92,0,210,344.7580952380952,0.0995260663507109
16730,21,3,743.11,0,288,247.70333333333335,0.010380622837370242
16732,1,1,603.75,0,1,603.75,0.5
16734,21,3,650.51,0,83,216.83666666666667,0.03571428571428571
16735,48,5,2300.56,0,303,460.11199999999997,0.01644736842105263
16737,22,1,417.6,0,22,417.6,0.043478260869565216
16738,267,1,3.75,0,267,3.75,0.0037313432835820895
16739,146,1,323.0,0,146,323.0,0.006802721088435374
16742,16,1,464.9,0,16,464.9,0.058823529411764705
16743,82,6,1885.8600000000001,1,328,314.31,0.0182370820668693
16744,3,6,1021.76,1,142,170.29333333333332,0.04195804195804196
16745,56,17,7194.3,0,281,423.1941176470588,0.06028368794326241
16746,5,15,5630.86,1,328,375.3906666666666,0.04559270516717325
16747,7,2,836.0600000000001,0,37,418.03000000000003,0.05263157894736842
16748,6,4,1249.2,1,303,312.3,0.013157894736842105
16750,14,5,623.93,0,201,124.78599999999999,0.024752475247524754
16751,0,1,1764.72,0,0,1764.72,1.0
16752,342,1,207.5,0,342,207.5,0.0029154518950437317
16753,27,1,223.92000000000002,0,27,223.92000000000002,0.03571428571428571
16754,341,1,2002.4,0,341,2002.4,0.0029239766081871343
16755,83,3,1496.83,0,285,498.9433333333333,0.01048951048951049
16756,184,1,239.4,0,184,239.4,0.005405405405405406
16757,288,1,106.83000000000001,0,288,106.83000000000001,0.0034602076124567475
16758,34,1,369.34000000000003,0,34,369.34000000000003,0.02857142857142857
16759,0,2,418.85,1,0,209.425,2.0
16761,66,1,316.62,0,66,316.62,0.014925373134328358
16762,15,2,887.6,1,113,443.8,0.017543859649122806
16763,168,1,611.8499999999999,0,168,611.8499999999999,0.005917159763313609
16764,1,9,1929.13,1,112,214.3477777777778,0.07964601769911504
16765,263,1,34.0,0,263,34.0,0.003787878787878788
16766,242,2,1145.6,0,242,572.8,0.00823045267489712
16767,0,11,5580.6,0,285,507.32727272727277,0.038461538461538464
16768,17,3,478.09000000000003,0,241,159.36333333333334,0.012396694214876033
16769,229,1,380.39,0,229,380.39,0.004347826086956522
16770,27,5,770.1,0,341,154.02,0.014619883040935672
16771,2,5,2246.81,0,307,449.36199999999997,0.016233766233766232
16773,26,1,171.59,0,26,171.59,0.037037037037037035
16774,37,4,661.52,0,148,165.38,0.026845637583892617
16775,26,10,1566.51,1,336,156.651,0.02967359050445104
16776,29,1,388.28,0,29,388.28,0.03333333333333333
16777,49,2,226.35,0,226,113.175,0.00881057268722467
16778,43,2,245.94,0,243,122.97,0.00819672131147541
16779,1,17,8029.860000000001,1,336,472.34470588235297,0.050445103857566766
16780,69,2,425.19,0,228,212.595,0.008733624454148471
16781,341,1,311.25,0,341,311.25,0.0029239766081871343
16782,4,11,1959.5500000000002,1,335,178.1409090909091,0.03273809523809524
16788,92,2,597.48,0,223,298.74,0.008928571428571428
16790,1,3,1135.75,1,7,378.5833333333333,0.375
16791,29,6,1234.82,1,301,205.8033333333333,0.019867549668874173
16792,251,2,110.38,0,251,55.19,0.007936507936507936
16793,26,1,243.84,0,26,243.84,0.037037037037037035
16794,16,6,832.6899999999999,1,149,138.78166666666667,0.04
16795,334,1,414.88,0,334,414.88,0.0029850746268656717
16796,58,1,305.62,0,58,305.62,0.01694915254237288
16801,132,4,1619.73,0,242,404.9325,0.01646090534979424
16803,34,1,332.3,0,34,332.3,0.02857142857142857
16804,239,1,118.05,1,239,118.05,0.004166666666666667
16805,143,2,460.59000000000003,0,329,230.29500000000002,0.006060606060606061
16806,72,4,801.49,0,208,200.3725,0.019138755980861243
16807,112,3,1121.59,0,240,373.8633333333333,0.012448132780082987
16808,68,2,288.42,0,243,144.21,0.00819672131147541
16809,31,4,620.37,1,231,155.0925,0.017241379310344827
16810,161,1,309.54,0,161,309.54,0.006172839506172839
16812,330,1,479.35,0,330,479.35,0.0030211480362537764
16813,19,9,1544.44,1,173,171.60444444444445,0.05172413793103448
16814,16,19,6027.36,1,339,317.2294736842105,0.05588235294117647
16816,72,4,417.06,0,327,104.265,0.012195121951219513
16817,2,8,1387.42,1,337,173.4275,0.023668639053254437
16818,40,10,3221.81,1,175,322.181,0.056818181818181816
16820,65,1,497.61,0,65,497.61,0.015151515151515152
16823,196,1,358.38,0,196,358.38,0.005076142131979695
16824,133,1,222.9,1,133,222.9,0.007462686567164179
16825,8,2,775.18,0,155,387.59,0.01282051282051282
16826,20,1,341.7,0,20,341.7,0.047619047619047616
16828,62,2,128.5,0,81,64.25,0.024390243902439025
16829,126,1,197.22,0,126,197.22,0.007874015748031496
16830,8,1,325.91,0,8,325.91,0.1111111111111111
16832,153,3,199.15,0,186,66.38333333333334,0.016042780748663103
16833,229,3,671.2900000000001,1,303,223.76333333333335,0.009868421052631578
16834,197,1,413.46,0,197,413.46,0.005050505050505051
16835,97,2,180.85,0,342,90.425,0.0058309037900874635
16836,9,2,251.87,0,86,125.935,0.022988505747126436
16837,0,11,3170.98,0,215,288.2709090909091,0.05092592592592592
16838,166,2,588.85,0,257,294.425,0.007751937984496124
16839,0,30,14847.37,1,339,494.9123333333334,0.08823529411764706
16841,6,6,1869.82,0,257,311.63666666666666,0.023255813953488372
16842,70,3,1264.19,0,271,421.3966666666667,0.011029411764705883
16843,12,16,10196.57,0,296,637.285625,0.05387205387205387
16846,19,1,214.32,0,19,214.32,0.05
16847,12,1,193.44,0,12,193.44,0.07692307692307693
16848,22,1,281.42,0,22,281.42,0.043478260869565216
16849,156,1,124.57,0,156,124.57,0.006369426751592357
16850,303,1,332.41,0,303,332.41,0.003289473684210526
16851,12,2,239.46,1,21,119.73,0.09090909090909091
16852,145,1,113.06,1,145,113.06,0.00684931506849315
16855,12,1,151.20000000000002,1,12,151.20000000000002,0.07692307692307693
16858,338,1,375.69000000000005,0,338,375.69000000000005,0.0029498525073746312
16859,114,2,747.81,0,230,373.905,0.008658008658008658
16861,29,2,173.76,0,127,86.88,0.015625
16863,0,2,502.8,0,336,251.4,0.005934718100890208
16866,110,3,207.74,0,131,69.24666666666667,0.022727272727272728
16869,21,3,692.4,1,144,230.79999999999998,0.020689655172413793
16871,58,5,2367.26,1,240,473.45200000000006,0.02074688796680498
16872,46,3,680.02,0,153,226.67333333333332,0.01948051948051948
16873,31,5,5268.79,1,333,1053.758,0.014970059880239521
16875,36,5,2095.53,0,309,419.10600000000005,0.016129032258064516
16877,9,3,458.01,1,177,152.67,0.016853932584269662
16878,53,1,13.3,0,53,13.3,0.018518518518518517
16880,0,7,1519.08,0,158,217.01142857142855,0.0440251572327044
16881,36,1,432.0,0,36,432.0,0.02702702702702703
16882,36,3,705.12,0,286,235.04,0.010452961672473868
16883,156,2,276.73,0,341,138.365,0.005847953216374269
16884,7,2,429.84,0,7,214.92,0.25
16885,20,2,317.75,1,326,158.875,0.0061162079510703364
16887,4,1,194.88,0,4,194.88,0.2
16889,164,3,1578.67,0,306,526.2233333333334,0.009771986970684038
16891,5,4,693.75,1,341,173.4375,0.011695906432748537
16892,153,1,102.97999999999999,1,153,102.97999999999999,0.006493506493506494
16893,336,1,145.93,0,336,145.93,0.002967359050445104
16895,34,1,219.14,0,34,219.14,0.02857142857142857
16897,268,2,289.78,0,283,144.89,0.007042253521126761
16898,146,2,319.46999999999997,1,338,159.73499999999999,0.0058997050147492625
16899,59,4,588.28,1,329,147.07,0.012121212121212121
16900,32,1,752.68,1,32,752.68,0.030303030303030304
16902,85,1,1706.88,0,85,1706.88,0.011627906976744186
16904,64,14,3049.07,1,336,217.7907142857143,0.04154302670623145
16905,16,4,2059.7400000000002,1,341,514.9350000000001,0.011695906432748537
16906,51,4,579.77,0,218,144.9425,0.0182648401826484
16907,117,4,711.88,1,334,177.97,0.011940298507462687
16909,41,1,379.14,0,41,379.14,0.023809523809523808
16910,21,6,1159.67,1,60,193.27833333333334,0.09836065573770492
16912,37,10,2418.9500000000003,1,292,241.89500000000004,0.034129692832764506
16913,259,1,113.44,0,259,113.44,0.0038461538461538464
16914,5,1,208.46,0,5,208.46,0.16666666666666666
16915,13,5,512.0,1,253,102.4,0.01968503937007874
16916,341,1,198.08,1,341,198.08,0.0029239766081871343
16917,246,1,391.52,0,246,391.52,0.004048582995951417
16918,18,6,1068.82,0,286,178.13666666666666,0.020905923344947737
16919,125,11,2596.45,0,337,236.04090909090908,0.03254437869822485
16921,30,1,169.79,0,30,169.79,0.03225806451612903
16923,10,16,6109.53,1,332,381.845625,0.04804804804804805
16924,34,2,523.65,1,53,261.825,0.037037037037037035
16926,340,1,230.25,0,340,230.25,0.002932551319648094
16927,85,3,543.05,0,331,181.01666666666665,0.009036144578313253
16928,49,17,2847.6,0,342,167.50588235294117,0.04956268221574344
16929,6,4,645.5,1,125,161.375,0.031746031746031744
16930,37,2,207.11,1,37,103.555,0.05263157894736842
16931,9,19,3893.69,1,339,204.93105263157895,0.05588235294117647
16932,22,1,161.94,0,22,161.94,0.043478260869565216
16933,208,1,224.73,1,208,224.73,0.004784688995215311
16934,24,2,950.9300000000001,0,24,475.46500000000003,0.08
16938,149,3,2410.75,1,278,803.5833333333334,0.010752688172043012
16940,21,3,3049.88,0,259,1016.6266666666667,0.011538461538461539
16942,3,8,1658.88,1,197,207.36,0.04040404040404041
16943,181,3,816.73,0,287,272.24333333333334,0.010416666666666666
16945,1,18,4040.8,1,327,224.4888888888889,0.054878048780487805
16947,205,1,406.48,0,205,406.48,0.0048543689320388345
16948,108,3,435.02,0,295,145.00666666666666,0.010135135135135136
16949,10,5,1204.23,1,286,240.846,0.017421602787456445
16950,26,3,1178.56,0,336,392.8533333333333,0.008902077151335312
16951,104,3,1277.75,0,273,425.9166666666667,0.010948905109489052
16952,78,2,167.61,0,78,83.805,0.02531645569620253
16954,29,5,1470.56,1,329,294.11199999999997,0.015151515151515152
16955,154,4,518.67,0,342,129.6675,0.011661807580174927
16957,208,2,416.64,0,251,208.32,0.007936507936507936
16959,56,1,117.35000000000001,0,56,117.35000000000001,0.017543859649122806
16960,8,3,507.05,0,222,169.01666666666668,0.013452914798206279
16961,85,1,234.17000000000002,0,85,234.17000000000002,0.011627906976744186
16963,156,1,110.55000000000001,0,156,110.55000000000001,0.006369426751592357
16965,196,1,201.19,0,196,201.19,0.005076142131979695
16966,14,5,1489.81,1,209,297.962,0.023809523809523808
16967,158,1,319.02,0,158,319.02,0.006289308176100629
16968,77,1,253.31,1,77,253.31,0.01282051282051282
16969,8,3,650.41,0,161,216.8033333333333,0.018518518518518517
16971,7,1,357.21,0,7,357.21,0.125
16976,236,1,251.51999999999998,0,236,251.51999999999998,0.004219409282700422
16978,46,1,344.33,0,46,344.33,0.02127659574468085
16979,21,3,899.59,1,267,299.86333333333334,0.011194029850746268
16980,224,2,1078.96,0,260,539.48,0.007662835249042145
16982,30,1,384.06,0,30,384.06,0.03225806451612903
16983,66,5,1190.3,1,339,238.06,0.014705882352941176
16984,57,2,4481.35,0,99,2240.675,0.02
16985,57,8,4080.44,1,328,510.055,0.0243161094224924
16987,11,6,1393.12,1,174,232.18666666666664,0.03428571428571429
16989,32,4,1027.65,1,120,256.9125,0.03305785123966942
16990,188,1,179.0,0,188,179.0,0.005291005291005291
16992,6,4,1399.8600000000001,1,254,349.96500000000003,0.01568627450980392
16996,90,5,1041.78,1,322,208.356,0.015479876160990712
16997,257,3,702.0,0,295,234.0,0.010135135135135136
16998,119,4,295.0,0,273,73.75,0.014598540145985401
16999,43,1,245.82999999999998,1,43,245.82999999999998,0.022727272727272728
17001,15,9,3224.29,1,328,358.25444444444446,0.02735562310030395
17002,55,3,1493.73,0,260,497.91,0.011494252873563218
17004,15,2,1412.94,0,62,706.47,0.031746031746031744
17006,0,2,389.61,1,45,194.805,0.043478260869565216
17007,20,6,889.9300000000001,0,326,148.3216666666667,0.01834862385321101
17014,1,2,355.06,1,36,177.53,0.05405405405405406
17015,40,2,1569.98,1,154,784.99,0.012903225806451613
17017,13,16,6572.36,1,342,410.7725,0.04664723032069971
17018,10,2,920.1,0,295,460.05,0.006756756756756757
17019,231,3,995.93,1,337,331.97666666666663,0.008875739644970414
17022,0,1,71.0,0,0,71.0,1.0
17024,14,3,95.85,0,127,31.95,0.0234375
17025,30,3,357.77,0,342,119.25666666666666,0.008746355685131196
17026,154,2,154.83,0,339,77.415,0.0058823529411764705
17027,48,6,890.29,0,286,148.38166666666666,0.020905923344947737
17029,80,2,716.0,0,206,358.0,0.00966183574879227
17030,33,1,146.87,0,33,146.87,0.029411764705882353
17031,124,1,225.95,1,124,225.95,0.008
17033,55,3,1030.14,0,328,343.38000000000005,0.00911854103343465
17034,49,2,364.88,1,257,182.44,0.007751937984496124
17035,215,2,433.53000000000003,0,281,216.76500000000001,0.0070921985815602835
17037,57,1,1267.32,0,57,1267.32,0.017241379310344827
17040,107,1,449.73,0,107,449.73,0.009259259259259259
17041,78,2,750.89,1,330,375.445,0.006042296072507553
17042,90,4,922.8199999999999,1,216,230.70499999999998,0.018433179723502304
17043,1,4,1735.18,0,235,433.795,0.01694915254237288
17045,82,3,339.44,0,217,113.14666666666666,0.013761467889908258
17046,126,1,642.02,0,126,642.02,0.007874015748031496
17047,54,3,1100.9,0,174,366.9666666666667,0.017142857142857144
17048,87,3,925.35,0,300,308.45,0.009966777408637873
17049,22,7,4525.8,1,245,646.5428571428572,0.028455284552845527
17050,65,6,3228.84,0,269,538.14,0.022222222222222223
17051,163,1,247.14,0,163,247.14,0.006097560975609756
17053,100,1,498.48,0,100,498.48,0.009900990099009901
17054,107,4,1207.32,1,214,301.83,0.018604651162790697
17058,51,3,1179.89,0,209,393.2966666666667,0.014285714285714285
17059,79,4,2250.1,1,339,562.525,0.011764705882352941
17060,235,1,234.24,0,235,234.24,0.00423728813559322
17061,43,11,5232.2300000000005,0,201,475.65727272727275,0.054455445544554455
17062,283,4,538.37,0,339,134.5925,0.011764705882352941
17063,27,6,1094.97,1,258,182.495,0.023166023166023165
17064,28,3,859.35,0,296,286.45,0.010101010101010102
17068,19,19,4242.36,1,337,223.2821052631579,0.05621301775147929
17069,47,7,2058.91,1,342,294.13,0.02040816326530612
17070,83,1,312.14,0,83,312.14,0.011904761904761904
17071,29,8,1996.8700000000001,1,279,249.60875000000001,0.02857142857142857
17073,22,3,1166.72,1,78,388.9066666666667,0.0379746835443038
17075,222,3,696.07,1,286,232.02333333333334,0.010452961672473868
17076,5,3,841.0799999999999,0,334,280.35999999999996,0.008955223880597015
17078,5,2,378.2,0,5,189.1,0.3333333333333333
17079,47,1,118.80000000000001,0,47,118.80000000000001,0.020833333333333332
17080,239,1,76.32000000000001,1,239,76.32000000000001,0.004166666666666667
17081,15,1,111.9,1,15,111.9,0.0625
17082,2,2,2003.8500000000001,0,287,1001.9250000000001,0.006944444444444444
17083,78,3,1405.78,0,273,468.5933333333333,0.010948905109489052
17084,4,2,2949.75,0,4,1474.875,0.4
17085,92,5,1566.65,0,332,313.33000000000004,0.015015015015015015
17086,0,4,1252.06,1,33,313.015,0.11764705882352941
17088,42,3,1751.73,1,223,583.91,0.013392857142857142
17090,21,6,1819.91,1,323,303.3183333333333,0.018518518518518517
17091,1,8,3376.96,1,337,422.12,0.023668639053254437
17092,19,4,1777.78,0,246,444.445,0.016194331983805668
17094,291,1,302.0,0,291,302.0,0.003424657534246575
17095,268,2,543.96,1,304,271.98,0.006557377049180328
17096,27,3,707.55,1,231,235.85,0.01293103448275862
17097,69,6,639.53,1,334,106.58833333333332,0.01791044776119403
17101,21,2,899.73,1,147,449.865,0.013513513513513514
17102,231,1,25.5,0,231,25.5,0.004310344827586207
17105,128,2,665.78,0,275,332.89,0.007246376811594203
17107,2,6,10815.43,0,247,1802.5716666666667,0.024193548387096774
17109,1,5,776.1800000000001,1,201,155.23600000000002,0.024752475247524754
17110,134,1,163.29999999999998,0,134,163.29999999999998,0.007407407407407408
17111,16,1,248.61,0,16,248.61,0.058823529411764705
17114,2,7,717.73,1,304,102.53285714285714,0.022950819672131147
17115,152,2,612.82,1,202,306.41,0.009852216748768473
17117,257,1,116.2,0,257,116.2,0.003875968992248062
17118,287,1,157.02,0,287,157.02,0.003472222222222222
17119,29,1,547.25,1,29,547.25,0.03333333333333333
17120,202,1,307.46,0,202,307.46,0.0049261083743842365
17122,88,1,138.32,0,88,138.32,0.011235955056179775
17123,131,1,345.3,0,131,345.3,0.007575757575757576
17124,154,1,298.89,0,154,298.89,0.0064516129032258064
17125,19,1,259.35,0,19,259.35,0.05
17126,121,5,1004.75,0,332,200.95,0.015015015015015015
17128,304,1,157.09,0,304,157.09,0.003278688524590164
17131,2,4,1395.8400000000001,1,45,348.96000000000004,0.08695652173913043
17133,3,5,4537.29,1,235,907.458,0.0211864406779661
17134,76,2,425.0,0,234,212.5,0.00851063829787234
17135,7,5,890.03,1,341,178.006,0.014619883040935672
17138,245,1,380.5,0,245,380.5,0.0040650406504065045
17139,8,11,10199.95,1,258,927.2681818181819,0.04247104247104247
17140,216,1,465.32,0,216,465.32,0.004608294930875576
17142,208,1,579.0,0,208,579.0,0.004784688995215311
17144,53,1,595.89,1,53,595.89,0.018518518518518517
17146,75,3,749.78,0,328,249.92666666666665,0.00911854103343465
17147,50,3,1349.3,1,281,449.76666666666665,0.010638297872340425
17148,21,1,124.88,0,21,124.88,0.045454545454545456
17152,164,3,1689.5,0,232,563.1666666666666,0.012875536480686695
17154,44,1,329.34,0,44,329.34,0.022222222222222223
17155,147,1,143.3,1,147,143.3,0.006756756756756757
17157,145,1,161.46,1,145,161.46,0.00684931506849315
17158,1,3,1266.97,0,329,422.3233333333333,0.00909090909090909
17159,44,2,926.67,1,141,463.335,0.014084507042253521
17160,0,6,3518.03,0,211,586.3383333333334,0.02830188679245283
17162,100,9,1463.66,1,275,162.6288888888889,0.03260869565217391
17163,47,1,123.10000000000001,1,47,123.10000000000001,0.020833333333333332
17164,2,7,2467.35,0,242,352.4785714285714,0.02880658436213992
17165,253,1,158.68,0,253,158.68,0.003937007874015748
17166,8,2,206.34,0,173,103.17,0.011494252873563218
17169,27,2,835.78,0,152,417.89,0.013071895424836602
17171,258,1,224.91,0,258,224.91,0.003861003861003861
17172,48,1,317.76,0,48,317.76,0.02040816326530612
17173,12,5,1924.32,1,100,384.864,0.04950495049504951
17174,187,1,59.9,0,187,59.9,0.005319148936170213
17175,13,4,1443.69,0,265,360.9225,0.015037593984962405
17176,171,1,306.13,0,171,306.13,0.005813953488372093
17179,147,3,711.79,0,330,237.26333333333332,0.00906344410876133
17180,25,4,796.03,0,285,199.0075,0.013986013986013986
17181,26,2,239.92000000000002,0,343,119.96000000000001,0.005813953488372093
17183,2,4,2185.6,1,74,546.4,0.05333333333333334
17186,16,2,144.0,0,29,72.0,0.06666666666666667
17187,196,1,203.95,0,196,203.95,0.005076142131979695
17188,133,5,1815.09,1,331,363.018,0.015060240963855422
17189,75,2,384.4,0,328,192.2,0.0060790273556231
17190,28,2,444.74,0,176,222.37,0.011299435028248588
17191,64,6,1562.96,1,337,260.49333333333334,0.01775147928994083
17193,5,7,1699.3,0,146,242.75714285714284,0.047619047619047616
17194,243,2,262.62,0,330,131.31,0.006042296072507553
17198,334,2,521.66,1,340,260.83,0.005865102639296188
17201,23,1,342.63,0,23,342.63,0.041666666666666664
17203,5,6,3563.85,0,29,593.975,0.2
17204,144,4,1564.56,0,233,391.14,0.017094017094017096
17205,23,1,384.08,0,23,384.08,0.041666666666666664
17206,22,1,204.24,0,22,204.24,0.043478260869565216
17211,17,7,1884.22,1,339,269.1742857142857,0.020588235294117647
17212,222,1,226.85,0,222,226.85,0.004484304932735426
17213,9,7,2781.23,0,335,397.31857142857143,0.020833333333333332
17214,29,6,1069.1200000000001,0,328,178.1866666666667,0.0182370820668693
17217,203,1,113.5,0,203,113.5,0.004901960784313725
17218,40,7,1360.6,1,337,194.37142857142857,0.020710059171597635
17219,1,1,114.23,0,1,114.23,0.5
17220,15,12,2904.47,1,333,242.03916666666666,0.03592814371257485
17221,5,1,132.28,1,5,132.28,0.16666666666666666
17222,34,1,354.15,0,34,354.15,0.02857142857142857
17223,279,2,426.79,0,337,213.395,0.005917159763313609
17226,278,1,393.49,0,278,393.49,0.0035842293906810036
17227,30,5,720.3100000000001,1,338,144.062,0.014749262536873156
17228,33,6,1488.56,1,341,248.09333333333333,0.017543859649122806
17229,65,2,318.76,0,112,159.38,0.017699115044247787
17230,233,8,3638.41,0,329,454.80125,0.024242424242424242
17231,33,8,2319.79,1,330,289.97375,0.02416918429003021
17233,4,1,190.88,0,4,190.88,0.2
17234,152,1,149.89,0,152,149.89,0.006535947712418301
17235,341,1,341.90000000000003,1,341,341.90000000000003,0.0029239766081871343
17236,148,5,697.73,1,332,139.546,0.015015015015015015
17238,20,13,2510.51,1,340,193.11615384615385,0.03812316715542522
17239,282,1,382.5,0,282,382.5,0.0035335689045936395
17242,77,2,1135.04,0,149,567.52,0.013333333333333334
17243,8,19,5492.79,1,339,289.0942105263158,0.05588235294117647
17244,22,1,954.9,0,22,954.9,0.043478260869565216
17245,174,1,171.45000000000002,0,174,171.45000000000002,0.005714285714285714
17248,89,1,318.65,0,89,318.65,0.011111111111111112
17250,230,1,162.65,1,230,162.65,0.004329004329004329
17251,332,1,283.28000000000003,0,332,283.28000000000003,0.003003003003003003
17252,86,2,353.86,0,155,176.93,0.01282051282051282
17255,10,2,298.41,0,268,149.205,0.007434944237918215
17256,76,2,240.0,0,281,120.0,0.0070921985815602835
17259,117,2,603.37,0,337,301.685,0.005917159763313609
17262,21,5,1253.3600000000001,0,335,250.67200000000003,0.01488095238095238
17263,177,1,63.440000000000005,0,177,63.440000000000005,0.0056179775280898875
17265,108,2,562.9,0,150,281.45,0.013245033112582781
17266,117,1,113.06,1,117,113.06,0.00847457627118644
17267,96,2,317.62,0,96,158.81,0.020618556701030927
17268,77,4,763.64,0,214,190.91,0.018604651162790697
17272,11,4,2148.63,0,232,537.1575,0.017167381974248927
17274,4,1,111.98,0,4,111.98,0.2
17277,197,2,1065.3500000000001,0,292,532.6750000000001,0.006825938566552901
17278,210,1,246.04000000000002,0,210,246.04000000000002,0.004739336492890996
17279,27,1,187.82999999999998,0,27,187.82999999999998,0.03571428571428571
17282,99,3,1703.41,0,269,567.8033333333334,0.011111111111111112
17284,29,6,1652.58,0,305,275.43,0.0196078431372549
17287,43,6,880.3,1,342,146.71666666666667,0.01749271137026239
17288,176,5,663.7,1,327,132.74,0.01524390243902439
17289,1,3,944.41,0,149,314.80333333333334,0.02
17291,277,1,550.8000000000001,0,277,550.8000000000001,0.0035971223021582736
17293,27,7,1353.68,1,330,193.38285714285715,0.021148036253776436
17295,34,1,279.36,1,34,279.36,0.02857142857142857
17298,70,2,498.42,0,94,249.21,0.021052631578947368
17299,58,3,578.05,1,142,192.6833333333333,0.02097902097902098
17302,1,4,997.08,1,275,249.27,0.014492753623188406
17303,330,1,250.04,0,330,250.04,0.0030211480362537764
17306,6,17,7586.16,1,322,446.24470588235295,0.05263157894736842
17309,64,1,82.75,0,64,82.75,0.015384615384615385
17311,47,2,1384.85,0,286,692.425,0.006968641114982578
17312,108,3,644.3,0,128,214.76666666666665,0.023255813953488372
17313,0,1,2328.84,0,0,2328.84,1.0
17314,27,6,2177.55,1,282,362.925,0.02120141342756184
17315,7,35,5535.68,1,327,158.16228571428573,0.10670731707317073
17317,15,3,2600.34,0,59,866.7800000000001,0.05
17320,69,3,1200.6200000000001,0,337,400.2066666666667,0.008875739644970414
17321,37,1,659.61,1,37,659.61,0.02631578947368421
17323,31,5,696.0699999999999,1,261,139.214,0.019083969465648856
17324,301,2,702.23,1,336,351.115,0.005934718100890208
17325,249,1,96.8,0,249,96.8,0.004
17329,284,1,243.36,1,284,243.36,0.0035087719298245615
17330,37,1,264.9,1,37,264.9,0.02631578947368421
17331,93,1,175.2,0,93,175.2,0.010638297872340425
17333,55,1,494.25,0,55,494.25,0.017857142857142856
17334,271,2,307.02000000000004,0,278,153.51000000000002,0.007168458781362007
17337,120,4,2027.8700000000001,0,279,506.96750000000003,0.014285714285714285
17338,83,7,5207.02,1,330,743.86,0.021148036253776436
17339,63,2,243.36,0,334,121.68,0.005970149253731343
17340,49,10,8459.5,1,335,845.95,0.02976190476190476
17341,126,3,781.36,0,336,260.4533333333333,0.008902077151335312
17343,324,1,193.64,0,324,193.64,0.003076923076923077
17344,15,1,160.57,0,15,160.57,0.0625
17345,62,3,284.13,1,166,94.71,0.017964071856287425
17346,8,12,2180.44,1,342,181.70333333333335,0.03498542274052478
17347,55,1,228.96,0,55,228.96,0.017857142857142856
17348,5,3,772.18,1,267,257.3933333333333,0.011194029850746268
17349,148,1,110.75,0,148,110.75,0.006711409395973154
17350,15,2,891.09,1,20,445.545,0.09523809523809523
17351,5,3,587.15,0,242,195.71666666666667,0.012345679012345678
17353,98,2,1740.0,0,123,870.0,0.016129032258064516
17354,20,1,1393.06,0,20,1393.06,0.047619047619047616
17356,281,1,178.22,0,281,178.22,0.0035460992907801418
17358,272,2,365.85,0,324,182.925,0.006153846153846154
17360,153,1,330.95,1,153,330.95,0.006493506493506494
17361,18,3,488.2,0,261,162.73333333333332,0.011450381679389313
17362,208,2,312.23,0,279,156.115,0.007142857142857143
17364,106,6,2633.81,1,300,438.9683333333333,0.019933554817275746
17365,20,7,4375.19,1,302,625.0271428571428,0.0231023102310231
17367,207,1,168.4,0,207,168.4,0.004807692307692308
17368,2,7,1802.59,1,307,257.5128571428571,0.022727272727272728
17370,42,4,446.18,0,139,111.545,0.02857142857142857
17371,330,1,97.63,1,330,97.63,0.0030211480362537764
17372,10,8,1342.68,0,332,167.835,0.024024024024024024
17373,9,4,646.92,0,282,161.73,0.014134275618374558
17374,188,2,495.77,0,250,247.885,0.00796812749003984
17375,168,3,400.1,0,330,133.36666666666667,0.00906344410876133
17376,40,2,203.2,0,280,101.6,0.0071174377224199285
17377,0,18,3780.36,1,343,210.02,0.05232558139534884
17381,36,27,19372.01,1,341,717.4818518518518,0.07894736842105263
17382,34,1,65.4,0,34,65.4,0.02857142857142857
17384,188,1,227.64999999999998,1,188,227.64999999999998,0.005291005291005291
17386,68,5,1697.3400000000001,1,135,339.468,0.03676470588235294
17387,3,1,346.44,1,3,346.44,0.25
17388,47,4,1259.56,0,257,314.89,0.015503875968992248
17389,2,29,21733.38,1,300,749.4268965517242,0.09634551495016612
17391,133,2,508.8,0,134,254.4,0.014814814814814815
17392,276,2,457.91,0,327,228.955,0.006097560975609756
17394,188,1,203.86999999999998,0,188,203.86999999999998,0.005291005291005291
17396,8,8,7330.8,0,341,916.35,0.023391812865497075
17398,84,3,653.38,0,224,217.79333333333332,0.013333333333333334
17400,95,5,2129.96,0,322,425.992,0.015479876160990712
17402,20,11,2034.1499999999999,1,338,184.92272727272726,0.032448377581120944
17403,5,1,281.62,0,5,281.62,0.16666666666666666
17404,23,13,30430.34,1,329,2340.7953846153846,0.03939393939393939
17405,42,2,883.01,1,119,441.505,0.016666666666666666
17406,302,3,2200.42,0,336,733.4733333333334,0.008902077151335312
17408,132,1,32.65,0,132,32.65,0.007518796992481203
17409,154,2,771.85,0,217,385.925,0.009174311926605505
17410,7,4,978.38,1,184,244.595,0.021621621621621623
17411,45,2,569.44,1,230,284.72,0.008658008658008658
17412,29,5,870.22,1,341,174.044,0.014619883040935672
17414,13,2,778.0,0,154,389.0,0.012903225806451613
17415,48,1,507.84,0,48,507.84,0.02040816326530612
17416,47,6,5878.81,1,250,979.8016666666667,0.02390438247011952
17418,11,2,463.46000000000004,0,293,231.73000000000002,0.006802721088435374
17419,8,10,3443.96,1,336,344.396,0.02967359050445104
17420,19,3,598.83,0,343,199.61,0.00872093023255814
17422,62,5,1698.97,1,265,339.794,0.018796992481203006
17423,15,2,698.41,0,187,349.205,0.010638297872340425
17425,30,1,688.97,1,30,688.97,0.03225806451612903
17426,60,4,4280.59,1,251,1070.1475,0.015873015873015872
17427,41,1,100.8,0,41,100.8,0.023809523809523808
17428,7,25,16235.45,1,338,649.418,0.07374631268436578
17429,97,3,524.9200000000001,0,188,174.97333333333336,0.015873015873015872
17430,2,2,265.76,0,334,132.88,0.005970149253731343
17431,282,1,403.3,0,282,403.3,0.0035335689045936395
17432,6,1,175.89000000000001,1,6,175.89000000000001,0.14285714285714285
17433,57,1,303.16,0,57,303.16,0.017241379310344827
17434,6,3,1141.23,1,54,380.41,0.05454545454545454
17436,196,1,122.4,1,196,122.4,0.005076142131979695
17438,223,1,388.45000000000005,0,223,388.45000000000005,0.004464285714285714
17440,126,3,186.42000000000002,0,217,62.14000000000001,0.013761467889908258
17442,6,6,2248.56,0,259,374.76,0.023076923076923078
17443,189,1,534.24,0,189,534.24,0.005263157894736842
17444,117,3,2940.04,0,142,980.0133333333333,0.02097902097902098
17446,146,2,120.89999999999999,0,279,60.449999999999996,0.007142857142857143
17447,9,2,541.53,0,41,270.765,0.047619047619047616
17449,14,6,2095.17,1,329,349.195,0.01818181818181818
17450,5,37,174188.76,1,337,4707.804324324325,0.10946745562130178
17451,25,4,1050.25,1,75,262.5625,0.05263157894736842
17453,33,1,342.0,1,33,342.0,0.029411764705882353
17454,161,4,517.53,0,329,129.3825,0.012121212121212121
17455,173,1,131.7,0,173,131.7,0.005747126436781609
17456,334,1,249.86,0,334,249.86,0.0029850746268656717
17457,96,5,1737.7,0,308,347.54,0.016181229773462782
17459,12,2,657.3,0,29,328.65,0.06666666666666667
17460,63,6,622.4300000000001,0,342,103.73833333333334,0.01749271137026239
17462,29,2,675.69,0,253,337.845,0.007874015748031496
17463,18,4,1698.1,1,282,424.525,0.014134275618374558
17464,127,1,289.96000000000004,0,127,289.96000000000004,0.0078125
17466,48,1,460.41,1,48,460.41,0.02040816326530612
17469,42,4,1492.07,1,174,373.0175,0.022857142857142857
17470,14,5,1125.07,0,337,225.01399999999998,0.014792899408284023
17472,160,3,710.29,0,268,236.76333333333332,0.011152416356877323
17475,48,1,194.37,0,48,194.37,0.02040816326530612
17480,47,1,511.82,0,47,511.82,0.020833333333333332
17481,5,2,665.63,1,63,332.815,0.03125
17483,34,3,414.04,0,152,138.01333333333335,0.0196078431372549
17486,230,1,396.87,0,230,396.87,0.004329004329004329
17489,28,2,376.64,0,182,188.32,0.01092896174863388
17490,33,4,1321.22,1,146,330.305,0.027210884353741496
17491,6,8,2784.45,1,337,348.05625,0.023668639053254437
17492,217,1,374.57,0,217,374.57,0.0045871559633027525
17495,8,1,342.59000000000003,1,8,342.59000000000003,0.1111111111111111
17496,328,1,271.05,0,328,271.05,0.00303951367781155
17498,45,1,272.21999999999997,0,45,272.21999999999997,0.021739130434782608
17499,259,1,622.88,0,259,622.88,0.0038461538461538464
17501,190,2,288.6,0,190,144.3,0.010471204188481676
17503,8,1,340.43,1,8,340.43,0.1111111111111111
17504,175,9,2997.03,0,292,333.00333333333333,0.030716723549488054
17505,130,2,1145.8400000000001,0,175,572.9200000000001,0.011363636363636364
17506,45,1,302.2,0,45,302.2,0.021739130434782608
17507,231,2,605.58,0,278,302.79,0.007168458781362007
17508,250,1,387.31,0,250,387.31,0.00398406374501992
17509,27,8,6115.14,0,32,764.3925,0.24242424242424243
17511,0,28,79726.38,1,343,2847.3707142857143,0.08139534883720931
17512,20,9,2473.31,1,271,274.8122222222222,0.03308823529411765
17513,41,1,513.2,0,41,513.2,0.023809523809523808
17514,97,1,208.65,0,97,208.65,0.01020408163265306
17515,0,4,639.02,0,287,159.755,0.013888888888888888
17516,88,4,608.85,1,255,152.2125,0.015625
17517,278,1,153.94,0,278,153.94,0.0035842293906810036
17519,103,5,1488.0,1,337,297.6,0.014792899408284023
17520,23,1,546.81,0,23,546.81,0.041666666666666664
17521,34,2,497.75,1,168,248.875,0.011834319526627219
17522,108,4,912.25,1,187,228.0625,0.02127659574468085
17524,330,1,145.0,0,330,145.0,0.0030211480362537764
17525,329,1,422.7,0,329,422.7,0.0030303030303030303
17526,260,3,872.8,1,335,290.93333333333334,0.008928571428571428
17527,23,4,939.37,0,187,234.8425,0.02127659574468085
17528,12,5,2511.74,1,40,502.34799999999996,0.12195121951219512
17530,12,8,1990.49,1,334,248.81125,0.023880597014925373
17531,159,1,296.7,0,159,296.7,0.00625
17534,23,1,223.36,0,23,223.36,0.041666666666666664
17535,249,1,164.4,0,249,164.4,0.004
17536,146,1,76.5,0,146,76.5,0.006802721088435374
17537,272,1,630.7,1,272,630.7,0.003663003663003663
17540,285,1,268.8,1,285,268.8,0.0034965034965034965
17542,239,1,170.75,0,239,170.75,0.004166666666666667
17545,12,3,645.96,0,12,215.32000000000002,0.23076923076923078
17548,203,1,103.3,0,203,103.3,0.004901960784313725
17549,21,1,28.2,1,21,28.2,0.045454545454545456
17550,166,3,267.16,0,212,89.05333333333334,0.014084507042253521
17551,328,1,306.84,0,328,306.84,0.00303951367781155
17552,29,4,930.41,0,341,232.6025,0.011695906432748537
17553,99,1,1487.6,0,99,1487.6,0.01
17554,28,3,1460.03,1,117,486.6766666666667,0.025423728813559324
17555,304,1,195.45,1,304,195.45,0.003278688524590164
17556,175,1,157.9,0,175,157.9,0.005681818181818182
17557,13,2,439.16,1,50,219.58,0.0392156862745098
17560,64,4,854.95,0,280,213.7375,0.014234875444839857
17562,20,6,956.6800000000001,1,142,159.4466666666667,0.04195804195804196
17564,13,2,243.46,1,49,121.73,0.04
17567,26,7,3913.48,1,341,559.0685714285714,0.02046783625730994
17569,301,1,344.14,0,301,344.14,0.0033112582781456954
17571,19,4,1498.51,0,267,374.6275,0.014925373134328358
17572,40,4,226.75000000000003,0,342,56.68750000000001,0.011661807580174927
17573,54,2,182.21,1,63,91.105,0.03125
17574,212,1,185.65,0,212,185.65,0.004694835680751174
17576,7,18,3227.68,1,334,179.31555555555553,0.05373134328358209
17578,187,1,143.45999999999998,0,187,143.45999999999998,0.005319148936170213
17579,107,2,270.86,1,148,135.43,0.013422818791946308
17580,222,3,215.72,0,327,71.90666666666667,0.009146341463414634
17581,2,22,10060.36,1,341,457.28909090909093,0.06432748538011696
17582,205,1,175.27,0,205,175.27,0.0048543689320388345
17584,96,1,749.45,1,96,749.45,0.010309278350515464
17585,78,4,1133.07,0,307,283.2675,0.012987012987012988
17588,69,3,1240.2,0,202,413.40000000000003,0.014778325123152709
17589,29,4,2404.17,0,209,601.0425,0.01904761904761905
17590,9,1,349.38,1,9,349.38,0.1
17591,42,7,2225.9700000000003,0,336,317.9957142857143,0.020771513353115726
17593,61,4,3249.14,1,322,812.285,0.01238390092879257
17594,54,2,993.1800000000001,0,224,496.59000000000003,0.008888888888888889
17595,6,1,157.9,1,6,157.9,0.14285714285714285
17596,14,6,2532.76,1,338,422.1266666666667,0.017699115044247787
17597,183,1,2044.3700000000001,0,183,2044.3700000000001,0.005434782608695652
17601,208,1,116.00999999999999,0,208,116.00999999999999,0.004784688995215311
17602,12,4,3244.92,1,293,811.23,0.013605442176870748
17603,47,1,394.72,0,47,394.72,0.020833333333333332
17604,186,2,309.36,0,281,154.68,0.0070921985815602835
17608,2,2,193.42,0,2,96.71,0.6666666666666666
17609,10,5,1112.22,0,296,222.44400000000002,0.016835016835016835
17611,0,13,3678.17,1,330,282.93615384615384,0.03927492447129909
17612,22,6,2048.45,0,267,341.4083333333333,0.022388059701492536
17613,13,12,4262.25,1,275,355.1875,0.043478260869565216
17614,26,1,390.07,0,26,390.07,0.037037037037037035
17615,99,3,329.6,0,191,109.86666666666667,0.015625
17616,143,3,571.1999999999999,0,337,190.39999999999998,0.008875739644970414
17618,217,2,666.78,1,331,333.39,0.006024096385542169
17619,281,1,218.52,0,281,218.52,0.0035460992907801418
17620,29,1,81.44,0,29,81.44,0.03333333333333333
17621,281,2,901.7800000000001,1,323,450.89000000000004,0.006172839506172839
17623,2,1,527.05,0,2,527.05,0.3333333333333333
17624,187,1,400.3,1,187,400.3,0.005319148936170213
17625,21,3,1619.2,1,227,539.7333333333333,0.013157894736842105
17628,50,1,75.75,0,50,75.75,0.0196078431372549
17629,36,6,1392.17,1,329,232.02833333333334,0.01818181818181818
17630,139,2,503.6,0,201,251.8,0.009900990099009901
17631,106,2,416.5,1,201,208.25,0.009900990099009901
17633,0,4,1324.84,0,89,331.21,0.044444444444444446
17634,5,9,2361.9700000000003,0,307,262.4411111111111,0.02922077922077922
17637,0,2,547.0600000000001,0,84,273.53000000000003,0.023529411764705882
17639,245,1,108.5,0,245,108.5,0.0040650406504065045
17640,56,1,621.66,0,56,621.66,0.017543859649122806
17642,89,2,712.29,0,145,356.145,0.0136986301369863
17643,342,1,101.55,0,342,101.55,0.0029154518950437317
17644,5,10,2562.88,1,230,256.288,0.04329004329004329
17646,188,3,1008.39,0,334,336.13,0.008955223880597015
17647,34,1,133.06,0,34,133.06,0.02857142857142857
17648,30,4,1797.5,0,219,449.375,0.01818181818181818
17649,107,1,868.49,0,107,868.49,0.009259259259259259
17651,1,9,3653.05,1,146,405.89444444444445,0.061224489795918366
17652,4,11,4583.6,1,250,416.69090909090914,0.043824701195219126
17653,6,4,1207.56,0,89,301.89,0.044444444444444446
17654,246,1,117.55,0,246,117.55,0.004048582995951417
17655,9,6,2191.2,1,335,365.2,0.017857142857142856
17656,42,5,1674.69,0,98,334.938,0.050505050505050504
17658,180,1,317.6,1,180,317.6,0.0055248618784530384
17659,28,10,1961.89,1,341,196.18900000000002,0.029239766081871343
17660,110,1,196.0,0,110,196.0,0.009009009009009009
17663,7,6,1499.28,1,256,249.88,0.023346303501945526
17664,181,1,326.19,1,181,326.19,0.005494505494505495
17666,35,1,409.08,1,35,409.08,0.027777777777777776
17667,35,5,2055.51,0,268,411.10200000000003,0.01858736059479554
17668,7,1,161.85,1,7,161.85,0.125
17669,12,7,3406.7200000000003,0,219,486.67428571428576,0.031818181818181815
17670,197,1,205.7,0,197,205.7,0.005050505050505051
17671,127,3,1098.55,1,334,366.18333333333334,0.008955223880597015
17672,19,2,3178.17,0,278,1589.085,0.007168458781362007
17673,36,5,1516.65,1,289,303.33000000000004,0.017241379310344827
17674,43,2,551.04,0,338,275.52,0.0058997050147492625
17675,6,27,17073.39,1,336,632.3477777777778,0.08011869436201781
17676,27,5,1040.08,1,335,208.016,0.01488095238095238
17677,5,27,15018.23,1,338,556.2307407407408,0.07964601769911504
17678,233,1,298.11,0,233,298.11,0.004273504273504274
17679,22,2,1992.1100000000001,0,55,996.0550000000001,0.03571428571428571
17682,84,5,1899.3500000000001,1,337,379.87,0.014792899408284023
17684,13,1,239.41,0,13,239.41,0.07142857142857142
17685,58,6,2799.13,1,341,466.5216666666667,0.017543859649122806
17686,50,6,5110.09,1,272,851.6816666666667,0.02197802197802198
17690,4,14,4253.42,1,342,303.8157142857143,0.04081632653061224
17691,327,2,290.40000000000003,0,338,145.20000000000002,0.0058997050147492625
17692,96,4,740.94,0,328,185.235,0.0121580547112462
17693,106,1,200.47,0,106,200.47,0.009345794392523364
17694,111,1,283.12,0,111,283.12,0.008928571428571428
17695,101,2,765.34,0,141,382.67,0.014084507042253521
17696,7,8,2285.71,0,334,285.71375,0.023880597014925373
17697,205,1,338.95,0,205,338.95,0.0048543689320388345
17698,230,1,154.95,0,230,154.95,0.004329004329004329
17700,64,3,1681.83,1,250,560.61,0.01195219123505976
17701,222,1,417.95,0,222,417.95,0.004484304932735426
17702,78,3,1338.77,1,175,446.25666666666666,0.017045454545454544
17703,4,3,798.74,0,107,266.24666666666667,0.027777777777777776
17704,138,2,885.19,0,209,442.595,0.009523809523809525
17705,44,7,1191.92,1,271,170.27428571428572,0.025735294117647058
17706,13,16,9728.65,1,336,608.040625,0.04747774480712166
17707,154,2,152.4,0,305,76.2,0.006535947712418301
17708,157,2,267.08,0,294,133.54,0.006779661016949152
17709,139,1,137.45,0,139,137.45,0.007142857142857143
17711,259,1,220.53000000000003,1,259,220.53000000000003,0.0038461538461538464
17712,14,1,522.91,0,14,522.91,0.06666666666666667
17714,290,1,153.0,0,290,153.0,0.003436426116838488
17715,170,1,326.4,0,170,326.4,0.005847953216374269
17716,45,9,5002.31,1,237,555.8122222222223,0.037815126050420166
17718,201,1,139.35,0,201,139.35,0.0049504950495049506
17719,7,15,5396.04,0,225,359.736,0.06637168141592921
17720,82,3,887.6,1,337,295.8666666666667,0.008875739644970414
17722,65,4,2424.04,0,336,606.01,0.011869436201780416
17723,96,6,3276.4000000000005,0,183,546.0666666666667,0.03260869565217391
17724,40,3,1033.0,0,107,344.3333333333333,0.027777777777777776
17725,10,10,3119.75,1,236,311.975,0.04219409282700422
17728,35,2,2288.16,1,56,1144.08,0.03508771929824561
17730,12,11,4310.77,1,295,391.88818181818186,0.037162162162162164
17731,48,4,1240.11,0,152,310.0275,0.026143790849673203
17732,342,1,303.97,0,342,303.97,0.0029154518950437317
17733,8,2,692.19,0,231,346.095,0.008620689655172414
17734,23,3,700.63,0,203,233.54333333333332,0.014705882352941176
17735,6,18,12216.42,1,337,678.69,0.05325443786982249
17736,12,2,347.44,1,82,173.72,0.024096385542168676
17737,27,1,87.39,1,27,87.39,0.03571428571428571
17738,118,3,1571.49,1,251,523.83,0.011904761904761904
17739,7,6,2402.07,1,329,400.345,0.01818181818181818
17742,82,2,355.11,0,302,177.555,0.006600660066006601
17744,220,4,1288.96,1,327,322.24,0.012195121951219513
17746,209,1,110.25,0,209,110.25,0.004761904761904762
17747,82,1,71.4,0,82,71.4,0.012048192771084338
17749,147,2,674.52,0,225,337.26,0.008849557522123894
17750,5,8,1684.25,1,133,210.53125,0.05970149253731343
17752,328,1,80.64,0,328,80.64,0.00303951367781155
17754,7,4,1571.27,1,229,392.8175,0.017391304347826087
17757,1,24,4156.02,1,341,173.16750000000002,0.07017543859649122
17758,21,6,2772.9900000000002,1,219,462.165,0.02727272727272727
17759,138,2,167.15,1,138,83.575,0.014388489208633094
17760,342,1,172.54,1,342,172.54,0.0029154518950437317
17761,2,1,712.78,0,2,712.78,0.3333333333333333
17763,232,1,15.0,0,232,15.0,0.004291845493562232
17764,20,2,818.82,0,180,409.41,0.011049723756906077
17765,128,3,371.88,0,226,123.96,0.013215859030837005
17768,2,2,1411.33,1,135,705.665,0.014705882352941176
17769,3,7,3211.9300000000003,1,290,458.8471428571429,0.024054982817869417
17770,168,5,1143.27,0,251,228.654,0.01984126984126984
17771,26,2,245.81,0,292,122.905,0.006825938566552901
17774,66,4,1225.41,0,274,306.3525,0.014545454545454545
17775,224,1,56.4,0,224,56.4,0.0044444444444444444
17777,8,2,450.95,1,69,225.475,0.02857142857142857
17779,57,2,489.51,1,113,244.755,0.017543859649122806
17781,128,2,188.02,0,222,94.01,0.008968609865470852
17783,41,2,283.47,0,217,141.735,0.009174311926605505
17785,22,1,131.94,0,22,131.94,0.043478260869565216
17786,54,2,278.74,0,286,139.37,0.006968641114982578
17787,122,4,1865.19,0,340,466.2975,0.011730205278592375
17788,43,2,1117.9,0,99,558.95,0.02
17789,250,1,225.9,0,250,225.9,0.00398406374501992
17790,30,13,1692.04,1,334,130.15692307692308,0.03880597014925373
17795,149,2,350.39,0,234,175.195,0.00851063829787234
17796,9,4,697.9,0,339,174.475,0.011764705882352941
17797,152,1,272.41,1,152,272.41,0.006535947712418301
17799,68,9,2531.75,1,330,281.30555555555554,0.027190332326283987
17800,6,9,1199.01,0,303,133.22333333333333,0.029605263157894735
17802,51,3,1285.04,0,341,428.34666666666664,0.008771929824561403
17805,43,1,512.31,0,43,512.31,0.022727272727272728
17809,25,10,4975.51,1,343,497.55100000000004,0.029069767441860465
17811,1,33,6338.49,1,303,192.07545454545453,0.10855263157894737
17812,7,2,261.02,1,337,130.51,0.005917159763313609
17813,7,4,1568.41,1,40,392.1025,0.0975609756097561
17816,6,4,36.56,0,334,9.14,0.011940298507462687
17817,246,2,269.7,1,246,134.85,0.008097165991902834
17819,41,7,3704.87,0,340,529.2671428571429,0.020527859237536656
17824,20,1,298.4,0,20,298.4,0.047619047619047616
17827,211,4,1583.81,1,334,395.9525,0.011940298507462687
17828,79,3,1076.66,1,154,358.8866666666667,0.01935483870967742
17829,268,1,889.24,0,268,889.24,0.0037174721189591076
17830,231,2,287.65000000000003,1,258,143.82500000000002,0.007722007722007722
17831,2,1,35.400000000000006,0,2,35.400000000000006,0.3333333333333333
17832,19,1,155.37,0,19,155.37,0.05
17836,16,1,110.21000000000001,0,16,110.21000000000001,0.058823529411764705
17837,11,8,1593.38,0,132,199.1725,0.06015037593984962
17838,58,4,2312.7000000000003,1,341,578.1750000000001,0.011695906432748537
17839,11,1,338.8,0,11,338.8,0.08333333333333333
17841,0,110,33499.22,1,342,304.53836363636367,0.3206997084548105
17843,272,1,205.48,0,272,205.48,0.003663003663003663
17844,76,1,51.559999999999995,0,76,51.559999999999995,0.012987012987012988
17846,54,1,2033.1,0,54,2033.1,0.01818181818181818
17848,50,9,901.2,0,327,100.13333333333334,0.027439024390243903
17849,187,4,605.8000000000001,0,303,151.45000000000002,0.013157894736842105
17850,341,34,5391.21,0,343,158.565,0.09883720930232558
17854,154,2,311.26,0,196,155.63,0.01015228426395939
17855,342,1,208.97,0,342,208.97,0.0029154518950437317
17856,202,3,1142.63,1,251,380.8766666666667,0.011904761904761904
17857,2,19,20283.44,1,335,1067.5494736842104,0.05654761904761905
17858,23,11,4391.94,1,338,399.2672727272727,0.032448377581120944
17859,274,1,148.21,0,274,148.21,0.0036363636363636364
17860,338,1,252.8,0,338,252.8,0.0029498525073746312
17861,105,5,1301.57,1,289,260.31399999999996,0.017241379310344827
17862,293,1,330.9,0,293,330.9,0.003401360544217687
17863,28,6,3160.0,0,338,526.6666666666666,0.017699115044247787
17864,58,2,480.72,1,245,240.36,0.008130081300813009
17865,0,20,10526.32,0,333,526.316,0.059880239520958084
17866,112,1,329.65000000000003,0,112,329.65000000000003,0.008849557522123894
17867,113,4,957.48,1,258,239.37,0.015444015444015444
17869,76,5,428.18,0,337,85.636,0.014792899408284023
17870,1,10,1253.42,1,336,125.34200000000001,0.02967359050445104
17871,174,1,155.9,0,174,155.9,0.005714285714285714
17873,49,5,1859.16,0,342,371.832,0.014577259475218658
17874,154,6,683.46,0,225,113.91000000000001,0.02654867256637168
17877,139,1,237.61,0,139,237.61,0.007142857142857143
17878,13,1,379.45,0,13,379.45,0.07142857142857142
17879,143,1,178.52,0,143,178.52,0.006944444444444444
17880,334,1,458.92,0,334,458.92,0.0029850746268656717
17881,273,1,133.35,0,273,133.35,0.0036496350364963502
17883,55,2,197.8,1,215,98.9,0.009259259259259259
17884,281,3,602.84,1,341,200.9466666666667,0.008771929824561403
17886,1,3,899.61,0,219,299.87,0.013636363636363636
17887,98,1,111.35,0,98,111.35,0.010101010101010102
17888,7,7,654.05,1,326,93.43571428571428,0.021406727828746176
17889,181,2,203.87,0,291,101.935,0.00684931506849315
17890,292,2,602.09,0,330,301.045,0.006042296072507553
17891,131,1,203.85999999999999,0,131,203.85999999999999,0.007575757575757576
17892,25,3,244.1,0,124,81.36666666666666,0.024
17893,194,1,112.25,0,194,112.25,0.005128205128205128
17894,41,8,1119.81,0,335,139.97625,0.023809523809523808
17895,13,1,98.0,0,13,98.0,0.07142857142857142
17897,142,3,566.6,0,343,188.86666666666667,0.00872093023255814
17898,54,2,152.06,0,176,76.03,0.011299435028248588
17899,128,1,155.8,0,128,155.8,0.007751937984496124
17900,159,2,112.19999999999999,0,159,56.099999999999994,0.0125
17905,40,4,800.24,0,342,200.06,0.011661807580174927
17906,216,1,72.9,0,216,72.9,0.004608294930875576
17908,343,1,243.28,0,343,243.28,0.0029069767441860465
17912,279,5,311.01,0,334,62.202,0.014925373134328358
17913,28,2,411.6,0,325,205.8,0.006134969325153374
17917,14,3,341.28,0,332,113.75999999999999,0.009009009009009009
17919,57,1,1304.04,0,57,1304.04,0.017241379310344827
17920,2,12,3210.34,1,343,267.52833333333336,0.03488372093023256
17921,33,4,826.52,0,235,206.63,0.01694915254237288
17923,251,1,207.50000000000003,0,251,207.50000000000003,0.003968253968253968
17924,8,5,2669.94,1,343,533.988,0.014534883720930232
17925,342,1,244.08,0,342,244.08,0.0029154518950437317
17926,102,2,397.29,0,173,198.645,0.011494252873563218
17928,14,2,212.54,0,215,106.27,0.009259259259259259
17929,82,3,707.0,1,278,235.66666666666666,0.010752688172043012
17930,5,5,1740.48,0,208,348.096,0.023923444976076555
17931,103,2,408.36,0,225,204.18,0.008849557522123894
17932,143,2,934.51,1,180,467.255,0.011049723756906077
17934,21,2,704.25,0,28,352.125,0.06896551724137931
17935,107,2,145.79,0,111,72.895,0.017857142857142856
17937,0,6,3940.92,1,331,656.82,0.018072289156626505
17939,129,1,99.14,0,129,99.14,0.007692307692307693
17940,18,10,4106.4400000000005,0,272,410.64400000000006,0.03663003663003663
17941,100,1,304.56,0,100,304.56,0.009900990099009901
17946,202,2,149.57999999999998,0,228,74.78999999999999,0.008733624454148471
17947,6,1,176.68,0,6,176.68,0.14285714285714285
17948,116,1,358.56000000000006,0,116,358.56000000000006,0.008547008547008548
17949,12,39,54915.76,1,340,1408.0964102564103,0.11436950146627566
17950,41,3,482.2,0,334,160.73333333333332,0.008955223880597015
17951,9,3,1008.5400000000001,0,343,336.18,0.00872093023255814
17954,37,11,2039.76,1,340,185.43272727272728,0.03225806451612903
17955,168,4,557.3,0,189,139.325,0.021052631578947368
17956,218,1,12.75,0,218,12.75,0.0045662100456621
17957,35,1,111.68,0,35,111.68,0.027777777777777776
17958,86,1,508.46000000000004,0,86,508.46000000000004,0.011494252873563218
17960,140,1,73.78,0,140,73.78,0.0070921985815602835
17961,0,37,1279.79,1,341,34.58891891891892,0.10818713450292397
17962,111,1,102.83,0,111,102.83,0.008928571428571428
17964,1,2,471.7,0,341,235.85,0.005847953216374269
17965,7,14,2622.57,0,338,187.32642857142858,0.04129793510324484
17966,7,5,1098.43,0,230,219.686,0.021645021645021644
17967,341,1,123.07,0,341,123.07,0.0029239766081871343
17968,343,1,277.35,0,343,277.35,0.0029069767441860465
17969,135,2,228.2,0,330,114.1,0.006042296072507553
17970,180,1,582.59,0,180,582.59,0.0055248618784530384
17972,211,1,136.04,0,211,136.04,0.0047169811320754715
17973,21,1,337.04,0,21,337.04,0.045454545454545456
17974,13,2,308.32,1,189,154.16,0.010526315789473684
17975,33,12,4241.19,1,336,353.43249999999995,0.03560830860534125
17976,341,1,353.19,0,341,353.19,0.0029239766081871343
17978,334,1,300.91999999999996,0,334,300.91999999999996,0.0029850746268656717
17979,5,4,757.71,0,229,189.4275,0.017391304347826087
17980,135,3,811.45,0,328,270.48333333333335,0.00911854103343465
17984,114,1,152.68,0,114,152.68,0.008695652173913044
17986,25,1,20.8,0,25,20.8,0.038461538461538464
17987,154,1,198.57,0,154,198.57,0.0064516129032258064
17988,86,5,146.0,1,296,29.2,0.016835016835016835
17990,206,3,630.84,0,331,210.28,0.009036144578313253
17991,194,2,93.35,0,195,46.675,0.01020408163265306
17994,91,4,678.49,0,260,169.6225,0.01532567049808429
17995,251,1,76.1,0,251,76.1,0.003968253968253968
17997,43,8,1970.67,0,133,246.33375,0.05970149253731343
17999,6,2,382.06,0,335,191.03,0.005952380952380952
18001,56,1,252.23,1,56,252.23,0.017543859649122806
18004,331,1,169.47,0,331,169.47,0.0030120481927710845
18005,16,1,139.97,1,16,139.97,0.058823529411764705
18008,39,9,2116.19,0,288,235.13222222222223,0.031141868512110725
18009,204,1,257.34,0,204,257.34,0.004878048780487805
18010,226,1,174.8,0,226,174.8,0.004405286343612335
18011,342,1,102.78999999999999,0,342,102.78999999999999,0.0029154518950437317
18013,124,2,187.29,0,124,93.645,0.016
18016,1,5,1483.56,0,333,296.712,0.014970059880239521
18017,50,3,523.0,0,279,174.33333333333334,0.010714285714285714
18018,77,2,122.14,0,168,61.07,0.011834319526627219
18019,21,1,38.45,0,21,38.45,0.045454545454545456
18022,5,1,668.11,0,5,668.11,0.16666666666666666
18024,122,2,389.78,0,122,194.89,0.016260162601626018
18027,68,1,115.31,0,68,115.31,0.014492753623188406
18030,11,1,121.1,1,11,121.1,0.08333333333333333
18032,303,1,73.5,0,303,73.5,0.003289473684210526
18033,34,1,97.97,0,34,97.97,0.02857142857142857
18035,5,3,730.4,0,12,243.46666666666667,0.23076923076923078
18036,1,3,405.62,0,215,135.20666666666668,0.013888888888888888
18037,123,6,70.02,0,331,11.67,0.018072289156626505
18040,215,1,239.00000000000003,1,215,239.00000000000003,0.004629629629629629
18041,6,19,3695.05,1,342,194.4763157894737,0.05539358600583091
18042,23,1,165.04999999999998,0,23,165.04999999999998,0.041666666666666664
18043,176,2,451.81,1,336,225.905,0.005934718100890208
18044,6,9,1877.7,1,330,208.63333333333333,0.027190332326283987
18045,14,1,189.4,0,14,189.4,0.06666666666666667
18048,172,2,172.29000000000002,0,172,86.14500000000001,0.011560693641618497
18050,328,1,74.4,0,328,74.4,0.00303951367781155
18053,40,1,300.02,0,40,300.02,0.024390243902439025
18055,9,9,5920.42,1,339,657.8244444444445,0.026470588235294117
18056,257,1,363.65,0,257,363.65,0.003875968992248062
18059,13,2,219.86,1,37,109.93,0.05263157894736842
18061,35,9,2027.01,1,335,225.22333333333333,0.026785714285714284
18062,142,3,720.52,0,307,240.17333333333332,0.00974025974025974
18064,102,2,814.0,0,204,407.0,0.00975609756097561
18065,56,11,1949.19,1,334,177.19909090909093,0.03283582089552239
18066,44,1,318.0,0,44,318.0,0.022222222222222223
18067,9,1,396.33,0,9,396.33,0.1
18068,258,1,101.7,0,258,101.7,0.003861003861003861
18069,57,4,1781.97,1,296,445.4925,0.013468013468013467
18071,227,2,453.0,0,335,226.5,0.005952380952380952
18072,155,1,247.44,0,155,247.44,0.00641025641025641
18073,83,12,3877.5200000000004,0,166,323.1266666666667,0.0718562874251497
18074,343,1,489.6,0,343,489.6,0.0029069767441860465
18075,29,9,2257.77,1,330,250.86333333333334,0.027190332326283987
18077,3,10,2377.67,1,336,237.767,0.02967359050445104
18078,186,2,336.13,0,228,168.065,0.008733624454148471
18079,14,4,3651.97,0,208,912.9925,0.019138755980861243
18080,212,1,841.4999999999999,1,212,841.4999999999999,0.004694835680751174
18081,5,3,343.45,0,103,114.48333333333333,0.028846153846153848
18085,299,2,689.95,0,343,344.975,0.005813953488372093
18086,243,1,101.34,0,243,101.34,0.004098360655737705
18087,67,2,4055.7200000000003,0,260,2027.8600000000001,0.007662835249042145
18088,30,1,167.67000000000002,0,30,167.67000000000002,0.03225806451612903
18092,8,10,8506.42,1,335,850.642,0.02976190476190476
18093,62,4,2106.52,0,272,526.63,0.014652014652014652
18094,51,7,3017.3,0,261,431.04285714285714,0.026717557251908396
18095,281,2,580.05,0,302,290.025,0.006600660066006601
18096,26,2,622.71,1,33,311.355,0.058823529411764705
18097,96,5,2011.4,1,323,402.28000000000003,0.015432098765432098
18099,96,1,168.31,0,96,168.31,0.010309278350515464
18101,112,1,110.23,1,112,110.23,0.008849557522123894
18102,5,56,247885.68,1,336,4426.53,0.1661721068249258
18104,6,1,754.64,0,6,754.64,0.14285714285714285
18105,7,1,113.48000000000002,0,7,113.48000000000002,0.125
18106,299,1,430.7,0,299,430.7,0.0033333333333333335
18108,223,1,271.0,0,223,271.0,0.004464285714285714
18109,0,22,6159.72,1,339,279.98727272727274,0.06470588235294118
18112,135,1,196.64,1,135,196.64,0.007352941176470588
18113,338,1,76.32000000000001,0,338,76.32000000000001,0.0029498525073746312
18114,259,1,220.1,0,259,220.1,0.0038461538461538464
18116,37,8,1418.03,0,334,177.25375,0.023880597014925373
18118,14,23,4991.79,1,339,217.03434782608696,0.06764705882352941
18119,337,1,181.12,0,337,181.12,0.0029585798816568047
18120,183,1,111.15,0,183,111.15,0.005434782608695652
18121,118,2,673.1,0,124,336.55,0.016
18122,5,4,962.48,1,120,240.62,0.03305785123966942
18123,0,1,323.47999999999996,1,0,323.47999999999996,1.0
18125,171,3,945.14,1,285,315.0466666666667,0.01048951048951049
18126,30,1,206.83,0,30,206.83,0.03225806451612903
18127,103,1,139.6,1,103,139.6,0.009615384615384616
18129,212,1,112.55000000000001,0,212,112.55000000000001,0.004694835680751174
18130,26,1,313.86,1,26,313.86,0.037037037037037035
18133,181,1,931.5,0,181,931.5,0.005494505494505495
18135,1,4,552.31,1,159,138.0775,0.025
18136,32,3,784.33,0,289,261.4433333333333,0.010344827586206896
18138,264,1,152.65,0,264,152.65,0.0037735849056603774
18142,126,2,1019.52,0,185,509.76,0.010752688172043012
18143,86,2,1000.16,0,111,500.08,0.017857142857142856
18144,0,11,2656.75,1,342,241.52272727272728,0.03206997084548105
18145,57,3,2103.25,1,282,701.0833333333334,0.01060070671378092
18146,110,2,160.35,0,189,80.175,0.010526315789473684
18147,15,2,179.34,0,78,89.67,0.02531645569620253
18149,20,3,612.0799999999999,0,243,204.02666666666664,0.012295081967213115
18150,1,3,566.58,0,171,188.86,0.01744186046511628
18151,104,2,653.35,0,259,326.675,0.007692307692307693
18154,13,1,220.49,1,13,220.49,0.07142857142857142
18155,44,3,371.62,0,261,123.87333333333333,0.011450381679389313
18156,339,1,206.23000000000002,1,339,206.23000000000002,0.0029411764705882353
18158,58,1,343.8,1,58,343.8,0.01694915254237288
18159,270,1,530.15,0,270,530.15,0.0036900369003690036
18160,26,2,638.0600000000001,0,169,319.03000000000003,0.011764705882352941
18161,34,4,1156.69,1,289,289.1725,0.013793103448275862
18164,6,1,399.65,0,6,399.65,0.14285714285714285
18165,146,1,302.46,0,146,302.46,0.006802721088435374
18167,4,2,889.08,1,75,444.54,0.02631578947368421
18168,145,6,1169.94,0,341,194.99,0.017543859649122806
18169,30,1,202.65,0,30,202.65,0.03225806451612903
18170,2,3,980.3100000000001,0,186,326.77000000000004,0.016042780748663103
18171,28,5,1231.31,0,303,246.262,0.01644736842105263
18172,0,19,7153.68,1,259,376.50947368421055,0.07307692307692308
18173,56,4,2106.84,0,244,526.71,0.0163265306122449
18176,327,1,476.35,0,327,476.35,0.003048780487804878
18177,0,6,1341.42,0,225,223.57000000000002,0.02654867256637168
18178,98,4,1590.81,0,334,397.7025,0.011940298507462687
18179,22,5,1572.59,1,305,314.518,0.016339869281045753
18180,29,5,1533.02,1,112,306.604,0.04424778761061947
18183,196,2,632.07,0,244,316.035,0.00816326530612245
18185,218,1,304.25,0,218,304.25,0.0045662100456621
18188,46,2,1608.28,1,259,804.14,0.007692307692307693
18189,47,2,1090.24,0,237,545.12,0.008403361344537815
18190,161,2,284.46000000000004,0,300,142.23000000000002,0.006644518272425249
18191,231,1,207.8,0,231,207.8,0.004310344827586207
18192,41,1,957.97,0,41,957.97,0.023809523809523808
18193,134,1,243.76,0,134,243.76,0.007407407407407408
18194,51,1,973.84,0,51,973.84,0.019230769230769232
18196,64,2,689.13,0,259,344.565,0.007692307692307693
18198,0,16,5107.110000000001,1,305,319.19437500000004,0.05228758169934641
18200,75,1,163.8,0,75,163.8,0.013157894736842105
18202,169,3,1396.99,0,280,465.66333333333336,0.010676156583629894
18203,126,1,160.42000000000002,0,126,160.42000000000002,0.007874015748031496
18204,40,3,1993.7,0,161,664.5666666666667,0.018518518518518517
18205,5,2,517.36,0,44,258.68,0.044444444444444446
18210,20,2,1400.77,1,236,700.385,0.008438818565400843
18211,12,4,550.87,1,248,137.7175,0.01606425702811245
18212,295,1,248.42,0,295,248.42,0.0033783783783783786
18213,206,1,232.48000000000002,0,206,232.48000000000002,0.004830917874396135
18215,58,1,299.34000000000003,0,58,299.34000000000003,0.01694915254237288
18216,0,1,481.75,0,0,481.75,1.0
18217,40,1,317.9,1,40,317.9,0.024390243902439025
18218,180,2,662.08,0,251,331.04,0.007936507936507936
18219,12,9,1827.4,1,338,203.04444444444445,0.02654867256637168
18220,196,1,305.28,0,196,305.28,0.005076142131979695
18221,33,4,878.66,1,180,219.665,0.022099447513812154
18222,62,1,443.0,0,62,443.0,0.015873015873015872
18223,9,13,5905.82,1,327,454.2938461538461,0.039634146341463415
18224,233,1,158.95000000000002,0,233,158.95000000000002,0.004273504273504274
18225,12,9,4452.14,1,334,494.68222222222226,0.026865671641791045
18226,13,11,5228.05,0,307,475.27727272727276,0.03571428571428571
18227,187,1,93.75,0,187,93.75,0.005319148936170213
18228,26,2,779.9,0,49,389.95,0.04
18229,1,18,6591.2,1,342,366.17777777777775,0.052478134110787174
18230,63,5,2146.36,1,271,429.27200000000005,0.01838235294117647
18231,161,5,2083.27,0,258,416.654,0.019305019305019305
18232,51,4,592.97,0,166,148.2425,0.023952095808383235
18233,295,1,440.0,0,295,440.0,0.0033783783783783786
18235,41,3,1796.48,0,186,598.8266666666667,0.016042780748663103
18236,49,5,773.74,1,210,154.748,0.023696682464454975
18237,34,4,861.35,1,103,215.3375,0.038461538461538464
18239,188,5,1561.6100000000001,0,341,312.322,0.014619883040935672
18240,15,1,422.58,0,15,422.58,0.0625
18241,19,16,1955.55,1,187,122.221875,0.0851063829787234
18242,41,4,2232.4900000000002,0,183,558.1225000000001,0.021739130434782608
18245,118,6,1672.81,1,324,278.8016666666667,0.018461538461538463
18246,202,1,232.9,1,202,232.9,0.0049261083743842365
18248,92,2,804.02,0,155,402.01,0.01282051282051282
18250,279,1,349.27,0,279,349.27,0.0035714285714285713
18251,56,1,4314.72,0,56,4314.72,0.017543859649122806
18252,20,2,526.67,0,141,263.335,0.014084507042253521
18255,58,1,103.30000000000001,0,58,103.30000000000001,0.01694915254237288
18257,8,8,2337.63,0,265,292.20375,0.03007518796992481
18259,54,2,1268.2,1,335,634.1,0.005952380952380952
18260,142,6,2643.2000000000003,0,327,440.53333333333336,0.018292682926829267
18261,12,2,324.24,0,65,162.12,0.030303030303030304
18262,109,1,149.48,0,109,149.48,0.00909090909090909
18263,125,2,811.4,1,222,405.7,0.008968609865470852
18265,41,2,801.51,0,127,400.755,0.015625
18268,103,1,25.5,0,103,25.5,0.009615384615384616
18269,335,1,168.60000000000002,0,335,168.60000000000002,0.002976190476190476
18270,7,2,283.15000000000003,0,236,141.57500000000002,0.008438818565400843
18272,15,5,2710.7000000000003,1,216,542.1400000000001,0.02304147465437788
18273,65,2,153.0,1,227,76.5,0.008771929824561403
18276,13,1,335.86,0,13,335.86,0.07142857142857142
18277,27,1,110.38,0,27,110.38,0.03571428571428571
18278,43,1,173.9,0,43,173.9,0.022727272727272728
18280,247,1,180.60000000000002,0,247,180.60000000000002,0.004032258064516129
18281,150,1,80.82,0,150,80.82,0.006622516556291391
18282,95,1,100.21000000000001,1,95,100.21000000000001,0.010416666666666666
18283,12,11,1235.32,1,306,112.30181818181818,0.035830618892508145
18287,12,3,1837.28,0,171,612.4266666666666,0.01744186046511628
